<?xml version="1.0" encoding="utf-8" standalone="yes"?>
<imscp:manifest identifier="MANIFEST-QTI-1" xmlns:xml="http://www.w3.org/XML/1998/namespace" xmlns:imscp="http://www.imsglobal.org/xsd/imscp_v1p1" xmlns:imsmd="http://www.imsglobal.org/xsd/imsmd_v1p2" xmlns:imsqti="http://www.imsglobal.org/xsd/imsqti_v2p0" xmlns:xhtml="http://www.w3.org/1999/xhtml">
<imscp:organizations />
<imscp:resources>
<imscp:resource identifier="testvision_202011220033_item_1_num" type="imsqti_item_xmlv2p1" href="testvision_202011220033_item_1_num.xml">
<imscp:metadata>
<imscp:schema>MS QTI Item</imscp:schema>
<imscp:schemaversion>2.0</imscp:schemaversion>
<imsmd:lom>
<imsmd:general>
<imsmd:identifier>testvision_202011220033_item_1_num</imsmd:identifier>
<imsmd:title>
<imsmd:langstring xml:lang="nl">testvision_202011220033_item_1_num_Calculate mean from table</imsmd:langstring>
</imsmd:title>
</imsmd:general>
<imsmd:lifecycle>
<imsmd:version>
<imsmd:langstring xml:lang="x-none">1.0</imsmd:langstring>
</imsmd:version>
<imsmd:status>
<imsmd:source>
<imsmd:langstring xml:lang="x-none">TestVision Online</imsmd:langstring>
</imsmd:source>
<imsmd:value>
<imsmd:langstring xml:lang="x-none">final</imsmd:langstring>
</imsmd:value>
</imsmd:status>
</imsmd:lifecycle>
</imsmd:lom>
<imsqti:qtiMetadata>
<imsqti:timeDependent>false</imsqti:timeDependent>
<imsqti:interactionType>extendedTextinteraction</imsqti:interactionType>
<imsqti:feedbackType>nonadaptive</imsqti:feedbackType>
<imsqti:toolName>Testvision Online</imsqti:toolName>
<imsqti:toolVersion>39.0.9084</imsqti:toolVersion>
<imsqti:toolVendor>Teelen B.V.</imsqti:toolVendor>
</imsqti:qtiMetadata>
</imscp:metadata>
<imscp:file href="testvision_202011220033_item_1_num.xml" />
</imscp:resource>  
<imscp:resource identifier="testvision_202011220033_item_2_schoice" type="imsqti_item_xmlv2p1" href="testvision_202011220033_item_2_schoice.xml">
<imscp:metadata>
<imscp:schema>MS QTI Item</imscp:schema>
<imscp:schemaversion>2.0</imscp:schemaversion>
<imsmd:lom>
<imsmd:general>
<imsmd:identifier>testvision_202011220033_item_2_schoice</imsmd:identifier>
<imsmd:title>
<imsmd:langstring xml:lang="nl">testvision_202011220033_item_2_schoice_t statistic</imsmd:langstring>
</imsmd:title>
</imsmd:general>
<imsmd:lifecycle>
<imsmd:version>
<imsmd:langstring xml:lang="x-none">1.0</imsmd:langstring>
</imsmd:version>
<imsmd:status>
<imsmd:source>
<imsmd:langstring xml:lang="x-none">TestVision Online</imsmd:langstring>
</imsmd:source>
<imsmd:value>
<imsmd:langstring xml:lang="x-none">final</imsmd:langstring>
</imsmd:value>
</imsmd:status>
</imsmd:lifecycle>
</imsmd:lom>
<imsqti:qtiMetadata>
<imsqti:timeDependent>false</imsqti:timeDependent>
<imsqti:interactionType>choiceInteraction</imsqti:interactionType>
<imsqti:feedbackType>nonadaptive</imsqti:feedbackType>
<imsqti:toolName>Testvision Online</imsqti:toolName>
<imsqti:toolVersion>39.0.9084</imsqti:toolVersion>
<imsqti:toolVendor>Teelen B.V.</imsqti:toolVendor>
</imsqti:qtiMetadata>
</imscp:metadata>
<imscp:file href="testvision_202011220033_item_2_schoice.xml" />
</imscp:resource>  
<imscp:resource identifier="testvision_202011220033_item_3_mchoice" type="imsqti_item_xmlv2p1" href="testvision_202011220033_item_3_mchoice.xml">
<imscp:metadata>
<imscp:schema>MS QTI Item</imscp:schema>
<imscp:schemaversion>2.0</imscp:schemaversion>
<imsmd:lom>
<imsmd:general>
<imsmd:identifier>testvision_202011220033_item_3_mchoice</imsmd:identifier>
<imsmd:title>
<imsmd:langstring xml:lang="nl">testvision_202011220033_item_3_mchoice_Relative frequencies</imsmd:langstring>
</imsmd:title>
</imsmd:general>
<imsmd:lifecycle>
<imsmd:version>
<imsmd:langstring xml:lang="x-none">1.0</imsmd:langstring>
</imsmd:version>
<imsmd:status>
<imsmd:source>
<imsmd:langstring xml:lang="x-none">TestVision Online</imsmd:langstring>
</imsmd:source>
<imsmd:value>
<imsmd:langstring xml:lang="x-none">final</imsmd:langstring>
</imsmd:value>
</imsmd:status>
</imsmd:lifecycle>
</imsmd:lom>
<imsqti:qtiMetadata>
<imsqti:timeDependent>false</imsqti:timeDependent>
<imsqti:interactionType>choiceInteraction</imsqti:interactionType>
<imsqti:feedbackType>nonadaptive</imsqti:feedbackType>
<imsqti:toolName>Testvision Online</imsqti:toolName>
<imsqti:toolVersion>39.0.9084</imsqti:toolVersion>
<imsqti:toolVendor>Teelen B.V.</imsqti:toolVendor>
</imsqti:qtiMetadata>
</imscp:metadata>
<imscp:file href="testvision_202011220033_item_3_mchoice.xml" />
</imscp:resource>  
<imscp:resource identifier="testvision_202011220033_item_4_string" type="imsqti_item_xmlv2p1" href="testvision_202011220033_item_4_string.xml">
<imscp:metadata>
<imscp:schema>MS QTI Item</imscp:schema>
<imscp:schemaversion>2.0</imscp:schemaversion>
<imsmd:lom>
<imsmd:general>
<imsmd:identifier>testvision_202011220033_item_4_string</imsmd:identifier>
<imsmd:title>
<imsmd:langstring xml:lang="nl">testvision_202011220033_item_4_string_regression essay</imsmd:langstring>
</imsmd:title>
</imsmd:general>
<imsmd:lifecycle>
<imsmd:version>
<imsmd:langstring xml:lang="x-none">1.0</imsmd:langstring>
</imsmd:version>
<imsmd:status>
<imsmd:source>
<imsmd:langstring xml:lang="x-none">TestVision Online</imsmd:langstring>
</imsmd:source>
<imsmd:value>
<imsmd:langstring xml:lang="x-none">final</imsmd:langstring>
</imsmd:value>
</imsmd:status>
</imsmd:lifecycle>
</imsmd:lom>
<imsqti:qtiMetadata>
<imsqti:timeDependent>false</imsqti:timeDependent>
<imsqti:interactionType>extendedTextinteraction</imsqti:interactionType>
<imsqti:feedbackType>nonadaptive</imsqti:feedbackType>
<imsqti:toolName>Testvision Online</imsqti:toolName>
<imsqti:toolVersion>39.0.9084</imsqti:toolVersion>
<imsqti:toolVendor>Teelen B.V.</imsqti:toolVendor>
</imsqti:qtiMetadata>
</imscp:metadata>
<imscp:file href="testvision_202011220033_item_4_string.xml" />
</imscp:resource>  
<imscp:resource identifier="testvision_202011220033_item_5_cloze" type="imsqti_item_xmlv2p1" href="testvision_202011220033_item_5_cloze.xml">
<imscp:metadata>
<imscp:schema>MS QTI Item</imscp:schema>
<imscp:schemaversion>2.0</imscp:schemaversion>
<imsmd:lom>
<imsmd:general>
<imsmd:identifier>testvision_202011220033_item_5_cloze</imsmd:identifier>
<imsmd:title>
<imsmd:langstring xml:lang="nl">testvision_202011220033_item_5_cloze_Boxplot and histogram</imsmd:langstring>
</imsmd:title>
</imsmd:general>
<imsmd:lifecycle>
<imsmd:version>
<imsmd:langstring xml:lang="x-none">1.0</imsmd:langstring>
</imsmd:version>
<imsmd:status>
<imsmd:source>
<imsmd:langstring xml:lang="x-none">TestVision Online</imsmd:langstring>
</imsmd:source>
<imsmd:value>
<imsmd:langstring xml:lang="x-none">final</imsmd:langstring>
</imsmd:value>
</imsmd:status>
</imsmd:lifecycle>
</imsmd:lom>
<imsqti:qtiMetadata>
<imsqti:timeDependent>false</imsqti:timeDependent>
<imsqti:interactionType>div</imsqti:interactionType>
<imsqti:feedbackType>nonadaptive</imsqti:feedbackType>
<imsqti:toolName>Testvision Online</imsqti:toolName>
<imsqti:toolVersion>39.0.9084</imsqti:toolVersion>
<imsqti:toolVendor>Teelen B.V.</imsqti:toolVendor>
</imsqti:qtiMetadata>
</imscp:metadata>
<imscp:file href="testvision_202011220033_item_5_cloze.xml" />
<imscp:file href="mediafiles/supplements1/boxplot_hist-1.png"/>
</imscp:resource>  
</imscp:resources>
</imscp:manifest>
