<?xml version="1.0" encoding="utf-8" standalone="yes"?>
<assessmentItem identifier="testvision_202011220033_item_4_string" title="testvision_202011220033_item_4_string_regression essay" adaptive="false" timeDependent="false" toolName="Testvision Online" toolVersion="39.0.9084" xmlns="http://www.imsglobal.org/xsd/imsqti_v2p1">
<responseDeclaration identifier="RESPONSE" cardinality="single" baseType="string">
<correctResponse>
<value>nil</value>
</correctResponse>
</responseDeclaration>
<outcomeDeclaration identifier="SCORE" cardinality="single" baseType="float" normalMaximum="1" normalMinimum="0" />
<outcomeDeclaration identifier="FEEDBACK" cardinality="single" baseType="identifier" />
<itemBody>
<p>Consider the following regression results:</p>
<pre><code>
Call:
lm(formula = log(y) ~ x, data = d)

Residuals:
     Min       1Q   Median       3Q      Max 
-1.45662 -0.31421 -0.04617  0.26287  1.27416 

Coefficients:
            Estimate Std. Error t value Pr(&gt;|t|)    
(Intercept)  0.03675    0.06787   0.541     0.59    
x           -0.74279    0.05701 -13.030   &lt;2e-16 ***
---
Signif. codes:  0 '***' 0.001 '**' 0.01 '*' 0.05 '.' 0.1 ' ' 1

Residual standard error: 0.4987 on 52 degrees of freedom
Multiple R-squared:  0.7655,    Adjusted R-squared:  0.761 
F-statistic: 169.8 on 1 and 52 DF,  p-value: &lt; 2.2e-16
</code></pre>
<p>Describe how the response <code>y</code> depends on the regressor <code>x</code>.</p>
<extendedTextInteraction responseIdentifier="RESPONSE"  expectedLength="1000" expectedLines="10" />
</itemBody>
<responseProcessing>
<responseCondition>
<responseIf>
<isNull>
<variable identifier="RESPONSE"/>
</isNull>
<setOutcomeValue identifier="SCORE">
<baseValue baseType="float">0.0</baseValue>
</setOutcomeValue>
<setOutcomeValue identifier="FEEDBACK">
<baseValue baseType="identifier">FAILURE</baseValue>
</setOutcomeValue>
</responseIf>
<responseElse>
<setOutcomeValue identifier="SCORE">
<baseValue baseType="float">0</baseValue>
</setOutcomeValue>
<responseCondition>
<responseIf>
<equal toleranceMode="relative" tolerance="0.001">
<variable identifier="SCORE"/>
<variable identifier="MAXSCORE"/>
</equal>
<setOutcomeValue identifier="FEEDBACK">
<baseValue baseType="identifier">ANSWER_CORRECT</baseValue>
</setOutcomeValue>
</responseIf>
<responseElse>
<setOutcomeValue identifier="FEEDBACK">
<baseValue baseType="identifier">FAILURE</baseValue>
</setOutcomeValue>
</responseElse>
</responseCondition>
</responseElse>
</responseCondition>
</responseProcessing>
<modalFeedback identifier="FAILURE" outcomeIdentifier="FEEDBACK" showHide="show">
<div class="textblock tvblock tvcss_1"><div class="rte_zone tveditor1">
<p>The presented results describe a semi-logarithmic regression.</p>
<p>The mean of the response <code>y</code> decreases with increasing <code>x</code>.</p>
<p>If <code>x</code> increases by 1 unit then a change of <code>y</code> by about -52.42 percent can be expected.</p>
<p>Also, the effect of <code>x</code> is significant at the 5 percent level.</p>
</div>
</div>
</modalFeedback>
<modalFeedback identifier="ANSWER_CORRECT" outcomeIdentifier="FEEDBACK" showHide="show">
<div class="textblock tvblock tvcss_1"><div class="rte_zone tveditor1">
<p>The presented results describe a semi-logarithmic regression.</p>
<p>The mean of the response <code>y</code> decreases with increasing <code>x</code>.</p>
<p>If <code>x</code> increases by 1 unit then a change of <code>y</code> by about -52.42 percent can be expected.</p>
<p>Also, the effect of <code>x</code> is significant at the 5 percent level.</p>
</div>
</div>
</modalFeedback>
</assessmentItem>
