<?xml version="1.0" encoding="utf-8" standalone="yes"?>
<assessmentItem identifier="testvision_202011220033_item_2_schoice" title="testvision_202011220033_item_2_schoice_t statistic" adaptive="false" timeDependent="false" toolName="Testvision Online" toolVersion="39.0.9084" xmlns="http://www.imsglobal.org/xsd/imsqti_v2p1">
<responseDeclaration identifier="RESPONSE" cardinality="single" baseType="identifier">
<correctResponse>
<value>alt_826900</value>
</correctResponse>
<mapping defaultValue="0" lowerBound="0.0">
<mapEntry mapKey="alt_526022" mappedValue="-0.25"/>
<mapEntry mapKey="alt_826900" mappedValue="1"/>
<mapEntry mapKey="alt_138697" mappedValue="-0.25"/>
<mapEntry mapKey="alt_798517" mappedValue="-0.25"/>
<mapEntry mapKey="alt_411910" mappedValue="-0.25"/>
</mapping>
</responseDeclaration>
<outcomeDeclaration identifier="SCORE" cardinality="single" baseType="float" normalMaximum="1" normalMinimum="0" />
<outcomeDeclaration identifier="FEEDBACK" cardinality="single" baseType="identifier" />
<itemBody>
<p>A machine fills milk into <math display="inline" xmlns="http://www.w3.org/1998/Math/MathML"><semantics><mn>250</mn><annotation encoding="application/x-tex">250</annotation></semantics></math>ml packages. It is suspected that the machine is not working correctly and that the amount of milk filled differs from the setpoint <math display="inline" xmlns="http://www.w3.org/1998/Math/MathML"><semantics><mrow><msub><mi>μ</mi><mn>0</mn></msub><mo>=</mo><mn>250</mn></mrow><annotation encoding="application/x-tex">\mu_0 = 250</annotation></semantics></math>. A sample of <math display="inline" xmlns="http://www.w3.org/1998/Math/MathML"><semantics><mn>157</mn><annotation encoding="application/x-tex">157</annotation></semantics></math> packages filled by the machine are collected. The sample mean <math display="inline" xmlns="http://www.w3.org/1998/Math/MathML"><semantics><mover><mi>y</mi><mo accent="true">‾</mo></mover><annotation encoding="application/x-tex">\bar{y}</annotation></semantics></math> is equal to <math display="inline" xmlns="http://www.w3.org/1998/Math/MathML"><semantics><mn>240.8</mn><annotation encoding="application/x-tex">240.8</annotation></semantics></math> and the sample variance <math display="inline" xmlns="http://www.w3.org/1998/Math/MathML"><semantics><msubsup><mi>s</mi><mrow><mi>n</mi><mo>−</mo><mn>1</mn></mrow><mn>2</mn></msubsup><annotation encoding="application/x-tex">s^2_{n-1}</annotation></semantics></math> is equal to <math display="inline" xmlns="http://www.w3.org/1998/Math/MathML"><semantics><mn>137.67</mn><annotation encoding="application/x-tex">137.67</annotation></semantics></math>.</p>
<p>Test the hypothesis that the amount filled corresponds on average to the setpoint. What is the value of the t-test statistic?</p>
<choiceInteraction responseIdentifier="RESPONSE" shuffle="false" maxChoices="1">
<simpleChoice identifier="alt_526022">
<div class="textblock tvblock tvcss_1"><div class="rte_zone tveditor1">
a. <math display="inline" xmlns="http://www.w3.org/1998/Math/MathML"><semantics><mn>25.240</mn><annotation encoding="application/x-tex">25.240</annotation></semantics></math>
</div>
</div>
</simpleChoice>
<simpleChoice identifier="alt_826900">
<div class="textblock tvblock tvcss_1"><div class="rte_zone tveditor1">
b. <math display="inline" xmlns="http://www.w3.org/1998/Math/MathML"><semantics><mrow><mo>−</mo><mn>9.825</mn></mrow><annotation encoding="application/x-tex">-9.825</annotation></semantics></math>
</div>
</div>
</simpleChoice>
<simpleChoice identifier="alt_138697">
<div class="textblock tvblock tvcss_1"><div class="rte_zone tveditor1">
c. <math display="inline" xmlns="http://www.w3.org/1998/Math/MathML"><semantics><mrow><mo>−</mo><mn>9.495</mn></mrow><annotation encoding="application/x-tex">-9.495</annotation></semantics></math>
</div>
</div>
</simpleChoice>
<simpleChoice identifier="alt_798517">
<div class="textblock tvblock tvcss_1"><div class="rte_zone tveditor1">
d. <math display="inline" xmlns="http://www.w3.org/1998/Math/MathML"><semantics><mn>5.415</mn><annotation encoding="application/x-tex">5.415</annotation></semantics></math>
</div>
</div>
</simpleChoice>
<simpleChoice identifier="alt_411910">
<div class="textblock tvblock tvcss_1"><div class="rte_zone tveditor1">
e. <math display="inline" xmlns="http://www.w3.org/1998/Math/MathML"><semantics><mn>28.504</mn><annotation encoding="application/x-tex">28.504</annotation></semantics></math>
</div>
</div>
</simpleChoice>
</choiceInteraction>
</itemBody>
<responseProcessing>
<responseCondition>
<responseIf>
<isNull>
<variable identifier="RESPONSE"/>
</isNull>
<setOutcomeValue identifier="SCORE">
<baseValue baseType="float">0.0</baseValue>
</setOutcomeValue>
<setOutcomeValue identifier="FEEDBACK">
<baseValue baseType="identifier">FAILURE</baseValue>
</setOutcomeValue>
</responseIf>
<responseElse>
<setOutcomeValue identifier="SCORE">
<mapResponse identifier="RESPONSE"/>
</setOutcomeValue>
<responseCondition>
<responseIf>
<equal toleranceMode="relative" tolerance="0.001">
<variable identifier="SCORE"/>
<variable identifier="MAXSCORE"/>
</equal>
<setOutcomeValue identifier="FEEDBACK">
<baseValue baseType="identifier">ANSWER_CORRECT</baseValue>
</setOutcomeValue>
</responseIf>
<responseElse>
<setOutcomeValue identifier="FEEDBACK">
<baseValue baseType="identifier">FAILURE</baseValue>
</setOutcomeValue>
</responseElse>
</responseCondition>
</responseElse>
</responseCondition>
</responseProcessing>
<modalFeedback identifier="FAILURE" outcomeIdentifier="FEEDBACK" showHide="show">
<div class="textblock tvblock tvcss_1"><div class="rte_zone tveditor1">
<p>The t-test statistic is calculated by: <math display="block" xmlns="http://www.w3.org/1998/Math/MathML"><semantics><mtable><mtr><mtd columnalign="right"><mi>t</mi></mtd><mtd columnalign="left"><mo>=</mo></mtd><mtd columnalign="right"><mfrac><mrow><mover><mi>y</mi><mo accent="true">‾</mo></mover><mo>−</mo><msub><mi>μ</mi><mn>0</mn></msub></mrow><msqrt><mfrac><msubsup><mi>s</mi><mrow><mi>n</mi><mo>−</mo><mn>1</mn></mrow><mn>2</mn></msubsup><mi>n</mi></mfrac></msqrt></mfrac><mo>=</mo><mfrac><mrow><mn>240.8</mn><mo>−</mo><mn>250</mn></mrow><msqrt><mfrac><mn>137.67</mn><mn>157</mn></mfrac></msqrt></mfrac><mo>=</mo><mo>−</mo><mn>9.825</mn><mi>.</mi></mtd></mtr></mtable><annotation encoding="application/x-tex">
\begin{aligned}
  t &amp; = &amp; \frac{\bar y - \mu_0}{\sqrt{\frac{s^2_{n-1}}{n}}}
  = \frac{240.8 - 250}{\sqrt{\frac{137.67}{157}}}
  = -9.825.
\end{aligned}
</annotation></semantics></math> The t-test statistic is thus equal to <math display="inline" xmlns="http://www.w3.org/1998/Math/MathML"><semantics><mrow><mo>−</mo><mn>9.825</mn></mrow><annotation encoding="application/x-tex">-9.825</annotation></semantics></math>.</p>
<br />
<ol>
<li> <math display="inline" xmlns="http://www.w3.org/1998/Math/MathML"><semantics><mn>25.240</mn><annotation encoding="application/x-tex">25.240</annotation></semantics></math> <br /> False </li>
<li> <math display="inline" xmlns="http://www.w3.org/1998/Math/MathML"><semantics><mrow><mo>−</mo><mn>9.825</mn></mrow><annotation encoding="application/x-tex">-9.825</annotation></semantics></math> <br /> True </li>
<li> <math display="inline" xmlns="http://www.w3.org/1998/Math/MathML"><semantics><mrow><mo>−</mo><mn>9.495</mn></mrow><annotation encoding="application/x-tex">-9.495</annotation></semantics></math> <br /> False </li>
<li> <math display="inline" xmlns="http://www.w3.org/1998/Math/MathML"><semantics><mn>5.415</mn><annotation encoding="application/x-tex">5.415</annotation></semantics></math> <br /> False </li>
<li> <math display="inline" xmlns="http://www.w3.org/1998/Math/MathML"><semantics><mn>28.504</mn><annotation encoding="application/x-tex">28.504</annotation></semantics></math> <br /> False </li>
</ol>
</div>
</div>
</modalFeedback>
<modalFeedback identifier="ANSWER_CORRECT" outcomeIdentifier="FEEDBACK" showHide="show">
<div class="textblock tvblock tvcss_1"><div class="rte_zone tveditor1">
<p>The t-test statistic is calculated by: <math display="block" xmlns="http://www.w3.org/1998/Math/MathML"><semantics><mtable><mtr><mtd columnalign="right"><mi>t</mi></mtd><mtd columnalign="left"><mo>=</mo></mtd><mtd columnalign="right"><mfrac><mrow><mover><mi>y</mi><mo accent="true">‾</mo></mover><mo>−</mo><msub><mi>μ</mi><mn>0</mn></msub></mrow><msqrt><mfrac><msubsup><mi>s</mi><mrow><mi>n</mi><mo>−</mo><mn>1</mn></mrow><mn>2</mn></msubsup><mi>n</mi></mfrac></msqrt></mfrac><mo>=</mo><mfrac><mrow><mn>240.8</mn><mo>−</mo><mn>250</mn></mrow><msqrt><mfrac><mn>137.67</mn><mn>157</mn></mfrac></msqrt></mfrac><mo>=</mo><mo>−</mo><mn>9.825</mn><mi>.</mi></mtd></mtr></mtable><annotation encoding="application/x-tex">
\begin{aligned}
  t &amp; = &amp; \frac{\bar y - \mu_0}{\sqrt{\frac{s^2_{n-1}}{n}}}
  = \frac{240.8 - 250}{\sqrt{\frac{137.67}{157}}}
  = -9.825.
\end{aligned}
</annotation></semantics></math> The t-test statistic is thus equal to <math display="inline" xmlns="http://www.w3.org/1998/Math/MathML"><semantics><mrow><mo>−</mo><mn>9.825</mn></mrow><annotation encoding="application/x-tex">-9.825</annotation></semantics></math>.</p>
<br />
<ol>
<li> <math display="inline" xmlns="http://www.w3.org/1998/Math/MathML"><semantics><mn>25.240</mn><annotation encoding="application/x-tex">25.240</annotation></semantics></math> <br /> False </li>
<li> <math display="inline" xmlns="http://www.w3.org/1998/Math/MathML"><semantics><mrow><mo>−</mo><mn>9.825</mn></mrow><annotation encoding="application/x-tex">-9.825</annotation></semantics></math> <br /> True </li>
<li> <math display="inline" xmlns="http://www.w3.org/1998/Math/MathML"><semantics><mrow><mo>−</mo><mn>9.495</mn></mrow><annotation encoding="application/x-tex">-9.495</annotation></semantics></math> <br /> False </li>
<li> <math display="inline" xmlns="http://www.w3.org/1998/Math/MathML"><semantics><mn>5.415</mn><annotation encoding="application/x-tex">5.415</annotation></semantics></math> <br /> False </li>
<li> <math display="inline" xmlns="http://www.w3.org/1998/Math/MathML"><semantics><mn>28.504</mn><annotation encoding="application/x-tex">28.504</annotation></semantics></math> <br /> False </li>
</ol>
</div>
</div>
</modalFeedback>
</assessmentItem>
