<?xml version="1.0" encoding="utf-8" standalone="yes"?>
<assessmentItem identifier="testvision_202011220033_item_3_mchoice" title="testvision_202011220033_item_3_mchoice_Relative frequencies" adaptive="false" timeDependent="false" toolName="Testvision Online" toolVersion="39.0.9084" xmlns="http://www.imsglobal.org/xsd/imsqti_v2p1">
<responseDeclaration identifier="RESPONSE" cardinality="multiple" baseType="identifier">
<correctResponse>
<value>alt_417391</value>
<value>alt_582636</value>
<value>alt_321330</value>
</correctResponse>
<mapping defaultValue="0" lowerBound="0.0">
<mapEntry mapKey="alt_417391" mappedValue="0.333333333333333"/>
<mapEntry mapKey="alt_295146" mappedValue="-0.5"/>
<mapEntry mapKey="alt_582636" mappedValue="0.333333333333333"/>
<mapEntry mapKey="alt_210982" mappedValue="-0.5"/>
<mapEntry mapKey="alt_321330" mappedValue="0.333333333333333"/>
</mapping>
</responseDeclaration>
<outcomeDeclaration identifier="SCORE" cardinality="single" baseType="float" normalMaximum="1" normalMinimum="0" />
<outcomeDeclaration identifier="FEEDBACK" cardinality="single" baseType="identifier" />
<itemBody>
<p>In a small city the satisfaction with the local public transportation is evaluated. One question of interest is whether inhabitants of the city are more satisfied with public transportation compared to those living in the suburbs.</p>
<p>A survey with 250 respondents gave the following contingency table:</p>
<pre><code>           Location
Evaluation  City Suburbs
  Very good   18      22
  Good        36      23
  Bad         36      66
  Very bad    10      39
</code></pre>
<p>The following table of percentages was constructed:</p>
<pre><code>           Location
Evaluation  City    Suburbs
  Very good    18.0    14.7
  Good         36.0    15.3
  Bad          36.0    44.0
  Very bad     10.0    26.0
</code></pre>
<p>Which of the following statements are correct?</p>
<choiceInteraction responseIdentifier="RESPONSE" shuffle="false" maxChoices="0">
<simpleChoice identifier="alt_417391">
<div class="textblock tvblock tvcss_1"><div class="rte_zone tveditor1">
a. The percentage table provides the satisfaction distribution for each location type.
</div>
</div>
</simpleChoice>
<simpleChoice identifier="alt_295146">
<div class="textblock tvblock tvcss_1"><div class="rte_zone tveditor1">
b. The percentage table provides row percentages.
</div>
</div>
</simpleChoice>
<simpleChoice identifier="alt_582636">
<div class="textblock tvblock tvcss_1"><div class="rte_zone tveditor1">
c. The value in row 1 and column 2 in the percentage table indicates: 14.7 percent of those living in the suburbs evaluated the public transportation as very good.
</div>
</div>
</simpleChoice>
<simpleChoice identifier="alt_210982">
<div class="textblock tvblock tvcss_1"><div class="rte_zone tveditor1">
d. The value in row 2 and column 2 in the percentage table indicates: 15.3 percentage of those, who evaluated the public transportation as good live in the suburbs.
</div>
</div>
</simpleChoice>
<simpleChoice identifier="alt_321330">
<div class="textblock tvblock tvcss_1"><div class="rte_zone tveditor1">
e. The percentage table can be easily constructed from the original contingency table: percentages are calculated for each column.
</div>
</div>
</simpleChoice>
</choiceInteraction>
</itemBody>
<responseProcessing>
<responseCondition>
<responseIf>
<isNull>
<variable identifier="RESPONSE"/>
</isNull>
<setOutcomeValue identifier="SCORE">
<baseValue baseType="float">0.0</baseValue>
</setOutcomeValue>
<setOutcomeValue identifier="FEEDBACK">
<baseValue baseType="identifier">FAILURE</baseValue>
</setOutcomeValue>
</responseIf>
<responseElse>
<setOutcomeValue identifier="SCORE">
<mapResponse identifier="RESPONSE"/>
</setOutcomeValue>
<responseCondition>
<responseIf>
<equal toleranceMode="relative" tolerance="0.001">
<variable identifier="SCORE"/>
<variable identifier="MAXSCORE"/>
</equal>
<setOutcomeValue identifier="FEEDBACK">
<baseValue baseType="identifier">ANSWER_CORRECT</baseValue>
</setOutcomeValue>
</responseIf>
<responseElse>
<setOutcomeValue identifier="FEEDBACK">
<baseValue baseType="identifier">FAILURE</baseValue>
</setOutcomeValue>
</responseElse>
</responseCondition>
</responseElse>
</responseCondition>
</responseProcessing>
<modalFeedback identifier="FAILURE" outcomeIdentifier="FEEDBACK" showHide="show">
<div class="textblock tvblock tvcss_1"><div class="rte_zone tveditor1">
<p>In the percentage table, the column sums are about 100 (except for possible rounding errors). Hence, the table provides column percentages, i.e., conditional relative frequencies for satisfaction level given location type.</p>
<br />
<ol>
<li> The percentage table provides the satisfaction distribution for each location type. <br /> True. The column sums are equal to 100 (except for possible rounding errors). </li>
<li> The percentage table provides row percentages. <br /> False. The row sums are not equal to 100. </li>
<li> The value in row 1 and column 2 in the percentage table indicates: 14.7 percent of those living in the suburbs evaluated the public transportation as very good. <br /> True. This is the correct interpretation for column percentages. </li>
<li> The value in row 2 and column 2 in the percentage table indicates: 15.3 percentage of those, who evaluated the public transportation as good live in the suburbs. <br /> False. This is an interpretation for row percentaes, but the table provides column percentages. </li>
<li> The percentage table can be easily constructed from the original contingency table: percentages are calculated for each column. <br /> True. This calculation yields column percentages. </li>
</ol>
</div>
</div>
</modalFeedback>
<modalFeedback identifier="ANSWER_CORRECT" outcomeIdentifier="FEEDBACK" showHide="show">
<div class="textblock tvblock tvcss_1"><div class="rte_zone tveditor1">
<p>In the percentage table, the column sums are about 100 (except for possible rounding errors). Hence, the table provides column percentages, i.e., conditional relative frequencies for satisfaction level given location type.</p>
<br />
<ol>
<li> The percentage table provides the satisfaction distribution for each location type. <br /> True. The column sums are equal to 100 (except for possible rounding errors). </li>
<li> The percentage table provides row percentages. <br /> False. The row sums are not equal to 100. </li>
<li> The value in row 1 and column 2 in the percentage table indicates: 14.7 percent of those living in the suburbs evaluated the public transportation as very good. <br /> True. This is the correct interpretation for column percentages. </li>
<li> The value in row 2 and column 2 in the percentage table indicates: 15.3 percentage of those, who evaluated the public transportation as good live in the suburbs. <br /> False. This is an interpretation for row percentaes, but the table provides column percentages. </li>
<li> The percentage table can be easily constructed from the original contingency table: percentages are calculated for each column. <br /> True. This calculation yields column percentages. </li>
</ol>
</div>
</div>
</modalFeedback>
</assessmentItem>
