<?xml version="1.0" encoding="utf-8" standalone="yes"?>
<assessmentItem identifier="testvision_202011220033_item_5_cloze" title="testvision_202011220033_item_5_cloze_Boxplot and histogram" adaptive="false" timeDependent="false" toolName="Testvision Online" toolVersion="39.0.9084" xmlns="http://www.imsglobal.org/xsd/imsqti_v2p1">
<responseDeclaration identifier="RESPONSE" cardinality="multiple">
<correctResponse>
<value fieldIdentifier="alt_5622" baseType="string">alt_192826</value>
<value fieldIdentifier="alt_9722" baseType="string">alt_868504</value>
<value fieldIdentifier="alt_7138" baseType="string">alt_520564</value>
<value fieldIdentifier="alt_6111" baseType="float">0.53</value>
<value fieldIdentifier="alt_6111" baseType="float">0.23;0.83</value>
<value fieldIdentifier="alt_5088" baseType="float">1.13</value>
<value fieldIdentifier="alt_5088" baseType="float">0.83;1.43</value>
<value fieldIdentifier="alt_4095" baseType="float">0.58</value>
<value fieldIdentifier="alt_4095" baseType="float">0.28;0.88</value>
</correctResponse>
<mapping defaultValue="0">
<mapEntry mapKey="alt_5622" mappedValue="0.166666666666667" />
<mapEntry mapKey="alt_9722" mappedValue="0.166666666666667" />
<mapEntry mapKey="alt_7138" mappedValue="0.166666666666667" />
<mapEntry mapKey="alt_6111" mappedValue="0.166666666666667" />
<mapEntry mapKey="alt_5088" mappedValue="0.166666666666667" />
<mapEntry mapKey="alt_4095" mappedValue="0.166666666666667" />
</mapping>
</responseDeclaration>
<outcomeDeclaration identifier="SCORE" cardinality="single" baseType="float" normalMaximum="1" normalMinimum="0" />
<outcomeDeclaration identifier="FEEDBACK" cardinality="single" baseType="identifier" />
<itemBody>
<p>For the 30 observations of the variable <code>x</code> in the data file <a href="boxhist.csv">boxhist.csv</a> draw a histogram, a boxplot and a stripchart. Based on the graphics, answer the following questions or check the correct statements, respectively. <em>(Comment: The tolerance for numeric answers is <math display="inline" xmlns="http://www.w3.org/1998/Math/MathML"><semantics><mrow><mo>±</mo><mn>0.3</mn></mrow><annotation encoding="application/x-tex">\pm0.3</annotation></semantics></math>, the true/false statements are either about correct or clearly wrong.)</em></p>
<div class="interactieblok">
<div class="textblock tvblock tvcss_1"><div class="rte_zone tveditor1">a.
<inlineChoiceInteraction class="multipleinput" id="alt_5622" responseIdentifier="RESPONSE" shuffle="false" required="true">
<inlineChoice identifier="alt_192826">1. The distribution is unimodal.</inlineChoice>
<inlineChoice identifier="alt_706908">2. The distribution is not unimodal.</inlineChoice>
</inlineChoiceInteraction>
</div>
</div>
<div class="textblock tvblock tvcss_1"><div class="rte_zone tveditor1">b.
<inlineChoiceInteraction class="multipleinput" id="alt_9722" responseIdentifier="RESPONSE" shuffle="false" required="true">
<inlineChoice identifier="alt_800025">1. The distribution is symmetric.</inlineChoice>
<inlineChoice identifier="alt_868504">2. The distribution is right-skewed.</inlineChoice>
<inlineChoice identifier="alt_107465">3. The distribution is left-skewed.</inlineChoice>
</inlineChoiceInteraction>
</div>
</div>
<div class="textblock tvblock tvcss_1"><div class="rte_zone tveditor1">c.
<inlineChoiceInteraction class="multipleinput" id="alt_7138" responseIdentifier="RESPONSE" shuffle="false" required="true">
<inlineChoice identifier="alt_520564">1. The boxplot shows outliers.</inlineChoice>
<inlineChoice identifier="alt_502441">2. The boxplot shows no outliers.</inlineChoice>
</inlineChoiceInteraction>
</div>
</div>
<div class="textblock tvblock tvcss_1"><div class="rte_zone tveditor1">
d. A quarter of the observations is smaller than which value?
<textEntryInteraction class="multipleinput" id="alt_6111" responseIdentifier="RESPONSE" expectedLength="12" />
</div>
</div>
<div class="textblock tvblock tvcss_1"><div class="rte_zone tveditor1">
e. A quarter of the observations is greater than which value?
<textEntryInteraction class="multipleinput" id="alt_5088" responseIdentifier="RESPONSE" expectedLength="12" />
</div>
</div>
<div class="textblock tvblock tvcss_1"><div class="rte_zone tveditor1">
f. Half of the observations are greater than which value?
<textEntryInteraction class="multipleinput" id="alt_4095" responseIdentifier="RESPONSE" expectedLength="12" />
</div>
</div>
</div>
</itemBody>
<responseProcessing>
<responseCondition>
<responseIf>
<isNull>
<variable identifier="RESPONSE"/>
</isNull>
<setOutcomeValue identifier="SCORE">
<baseValue baseType="float">0.0</baseValue>
</setOutcomeValue>
<setOutcomeValue identifier="FEEDBACK">
<baseValue baseType="identifier">FAILURE</baseValue>
</setOutcomeValue>
</responseIf>
<responseElse>
<setOutcomeValue identifier="SCORE">
<mapResponse identifier="RESPONSE"/>
</setOutcomeValue>
<responseCondition>
<responseIf>
<equal toleranceMode="relative" tolerance="0.001">
<variable identifier="SCORE"/>
<variable identifier="MAXSCORE"/>
</equal>
<setOutcomeValue identifier="SCORE">
<baseValue baseType="float">1</baseValue>
</setOutcomeValue>
</responseIf>
</responseCondition>
<responseCondition>
<responseIf>
<equal toleranceMode="relative" tolerance="0.001">
<variable identifier="SCORE"/>
<variable identifier="MAXSCORE"/>
</equal>
<setOutcomeValue identifier="FEEDBACK">
<baseValue baseType="identifier">ANSWER_CORRECT</baseValue>
</setOutcomeValue>
</responseIf>
<responseElse>
<setOutcomeValue identifier="FEEDBACK">
<baseValue baseType="identifier">FAILURE</baseValue>
</setOutcomeValue>
</responseElse>
</responseCondition>
</responseElse>
</responseCondition>
</responseProcessing>
<modalFeedback identifier="FAILURE" outcomeIdentifier="FEEDBACK" showHide="show">
<div class="textblock tvblock tvcss_1"><div class="rte_zone tveditor1">
<p><br />
<img src="mediafiles/supplements1/boxplot_hist-1.png" alt="image"/></p>
<br />
<ol>
<li> The distribution is unimodal. / The distribution is <em>not</em> unimodal. <br /> True / False </li>
<li> The distribution is symmetric. / The distribution is right-skewed. / The distribution is left-skewed. <br /> False / True / False </li>
<li> The boxplot shows outliers. / The boxplot shows <em>no</em> outliers. <br /> True / False </li>
<li> A quarter of the observations is smaller than which value? <br /> 0.53 </li>
<li> A quarter of the observations is greater than which value? <br /> 1.13 </li>
<li> Half of the observations are greater than which value? <br /> 0.58 </li>
</ol>
</div>
</div>
</modalFeedback>
<modalFeedback identifier="ANSWER_CORRECT" outcomeIdentifier="FEEDBACK" showHide="show">
<div class="textblock tvblock tvcss_1"><div class="rte_zone tveditor1">
<p><br />
<img src="mediafiles/supplements1/boxplot_hist-1.png" alt="image"/></p>
<br />
<ol>
<li> The distribution is unimodal. / The distribution is <em>not</em> unimodal. <br /> True / False </li>
<li> The distribution is symmetric. / The distribution is right-skewed. / The distribution is left-skewed. <br /> False / True / False </li>
<li> The boxplot shows outliers. / The boxplot shows <em>no</em> outliers. <br /> True / False </li>
<li> A quarter of the observations is smaller than which value? <br /> 0.53 </li>
<li> A quarter of the observations is greater than which value? <br /> 1.13 </li>
<li> Half of the observations are greater than which value? <br /> 0.58 </li>
</ol>
</div>
</div>
</modalFeedback>
</assessmentItem>
