<?xml version="1.0" encoding="utf-8" standalone="yes"?>
<assessmentItem identifier="testvision_202011220033_item_1_num" title="testvision_202011220033_item_1_num_Calculate mean from table" adaptive="false" timeDependent="false" toolName="Testvision Online" toolVersion="39.0.9084" xmlns="http://www.imsglobal.org/xsd/imsqti_v2p1">
<responseDeclaration identifier="RESPONSE" cardinality="multiple" baseType="float">
<correctResponse>
<value>176.5</value>
<value>176.49;176.51</value>
</correctResponse>
</responseDeclaration>
<outcomeDeclaration identifier="SCORE" cardinality="single" baseType="float" normalMaximum="1" normalMinimum="0" />
<outcomeDeclaration identifier="FEEDBACK" cardinality="single" baseType="identifier" />
<itemBody>
<p>Consider the following table:</p>
<table>
<thead>
<tr class="header">
<th align="left">Name</th>
<th align="right">Length</th>
<th align="right">Weight</th>
</tr>
</thead>
<tbody>
<tr class="odd">
<td align="left">Fritz</td>
<td align="right">187</td>
<td align="right">85</td>
</tr>
<tr class="even">
<td align="left">Wilhelm</td>
<td align="right">161</td>
<td align="right">66</td>
</tr>
<tr class="odd">
<td align="left">Dieter</td>
<td align="right">163</td>
<td align="right">66</td>
</tr>
<tr class="even">
<td align="left">Detlef</td>
<td align="right">195</td>
<td align="right">98</td>
</tr>
</tbody>
</table>
<p>What is the average of the variable “Length”?</p>
<extendedTextInteraction responseIdentifier="RESPONSE"/>
</itemBody>
<responseProcessing>
<responseCondition>
<responseIf>
<isNull>
<variable identifier="RESPONSE"/>
</isNull>
<setOutcomeValue identifier="SCORE">
<baseValue baseType="float">0.0</baseValue>
</setOutcomeValue>
<setOutcomeValue identifier="FEEDBACK">
<baseValue baseType="identifier">FAILURE</baseValue>
</setOutcomeValue>
</responseIf>
<responseElse>
<responseCondition>
<responseIf>
<match>
<variable identifier="RESPONSE"/>
<correct identifier="RESPONSE"/>
</match>
<setOutcomeValue identifier="SCORE">
<baseValue baseType="float">1</baseValue>
</setOutcomeValue>
</responseIf>
<responseElse>
<setOutcomeValue identifier="SCORE">
<baseValue baseType="float">0</baseValue>
</setOutcomeValue>
</responseElse>
</responseCondition>
<responseCondition>
<responseIf>
<equal toleranceMode="relative" tolerance="0.001">
<variable identifier="SCORE"/>
<variable identifier="MAXSCORE"/>
</equal>
<setOutcomeValue identifier="FEEDBACK">
<baseValue baseType="identifier">ANSWER_CORRECT</baseValue>
</setOutcomeValue>
</responseIf>
<responseElse>
<setOutcomeValue identifier="FEEDBACK">
<baseValue baseType="identifier">FAILURE</baseValue>
</setOutcomeValue>
</responseElse>
</responseCondition>
</responseElse>
</responseCondition>
</responseProcessing>
<modalFeedback identifier="FAILURE" outcomeIdentifier="FEEDBACK" showHide="show">
<div class="textblock tvblock tvcss_1"><div class="rte_zone tveditor1">
<p>The average “Length” is 176.5:</p>
<p><math display="block" xmlns="http://www.w3.org/1998/Math/MathML"><semantics><mrow><mover><mi>x</mi><mo accent="true">‾</mo></mover><mo>=</mo><mfrac><mrow><mn>187</mn><mo>+</mo><mn>161</mn><mo>+</mo><mn>163</mn><mo>+</mo><mn>195</mn></mrow><mn>4</mn></mfrac><mo>=</mo><mn>176.5</mn><mi>.</mi></mrow><annotation encoding="application/x-tex">\bar x = \frac{187 + 161 + 163 + 195}{4} = 176.5.</annotation></semantics></math></p>
</div>
</div>
</modalFeedback>
<modalFeedback identifier="ANSWER_CORRECT" outcomeIdentifier="FEEDBACK" showHide="show">
<div class="textblock tvblock tvcss_1"><div class="rte_zone tveditor1">
<p>The average “Length” is 176.5:</p>
<p><math display="block" xmlns="http://www.w3.org/1998/Math/MathML"><semantics><mrow><mover><mi>x</mi><mo accent="true">‾</mo></mover><mo>=</mo><mfrac><mrow><mn>187</mn><mo>+</mo><mn>161</mn><mo>+</mo><mn>163</mn><mo>+</mo><mn>195</mn></mrow><mn>4</mn></mfrac><mo>=</mo><mn>176.5</mn><mi>.</mi></mrow><annotation encoding="application/x-tex">\bar x = \frac{187 + 161 + 163 + 195}{4} = 176.5.</annotation></semantics></math></p>
</div>
</div>
</modalFeedback>
</assessmentItem>
