<?xml version="1.0" encoding="UTF-8"?>
<manifest identifier="man00001" xmlns:bb="http://www.blackboard.com/content-packaging/">
<organizations/>
<resources>
<resource bb:file="res00001.dat" bb:title="t statistic" identifier="res00001" type="assessment/x-bb-qti-pool" xml:base="res00001"/>
<resource bb:file="res00002.dat" bb:title="t statistic" identifier="res00002" type="assessment/x-bb-qti-pool" xml:base="res00002"/>
<resource bb:file="res00003.dat" bb:title="Relative frequencies" identifier="res00003" type="assessment/x-bb-qti-pool" xml:base="res00003"/>
<resource bb:file="res00004.dat" bb:title="Analysis of variance" identifier="res00004" type="assessment/x-bb-qti-pool" xml:base="res00004"/>
<resource bb:file="res00005.dat" bb:title="Parallel boxplots" identifier="res00005" type="assessment/x-bb-qti-pool" xml:base="res00005"/>
<resource bb:file="res00006.dat" bb:title="myexam-test" identifier="res00006" type="assessment/x-bb-qti-test" xml:base="res00006"/>
</resources>
</manifest>
