<?xml version="1.0" encoding="UTF-8"?>
<!DOCTYPE questestinterop SYSTEM "ims_qtiasiv1p2p1.dtd">

<questestinterop xmlns="http://www.imsglobal.org/xsd/ims_qtiasiv1p2" xmlns:xsi="http://www.w3.org/2001/XMLSchema-instance" xsi:schemaLocation="http://www.imsglobal.org/xsd/ims_qtiasiv1p2 http://www.imsglobal.org/xsd/ims_qtiasiv1p2p1.xsd">
<assessment ident="NewCanvasQuiz_136488631" title="NewCanvasQuiz">

<qtimetadata>
<qtimetadatafield>
<fieldlabel>cc_maxattempts</fieldlabel>
<fieldentry>1</fieldentry>
</qtimetadatafield>
<qtimetadatafield>
<fieldlabel>qmd_assessmenttype</fieldlabel>
<fieldentry>Assessment</fieldentry>
</qtimetadatafield>
</qtimetadata>
<objectives>
<material>
<mattext><![CDATA[Please solve the following exercises.]]></mattext>
</material>
</objectives>
<assessmentcontrol feedbackswitch="No" hintswitch="No" solutionswitch="Yes"/>
<outcomes_processing scoremodel="SumOfScores">
<outcomes>
<decvar varname="SCORE" vartype="Decimal" cutvalue="0"/>
</outcomes>
</outcomes_processing>
<assessfeedback title="AssessmentFeedback" ident="AssessmentFeedback">
<flow_mat>
<material>
<mattext>##AssessmentFeedback##</mattext>
</material>
</flow_mat>
</assessfeedback>

<section ident="NewCanvasQuiz_136488631_section_1" title="Exercise">

<objectives>
<material>
<mattext><![CDATA[Please answer the following question.]]></mattext>
</material>
</objectives>
<selection_ordering>
<selection>
<selection_number>1</selection_number>
<selection_extension>
<points_per_item>1</points_per_item>
</selection_extension>
</selection>
<order order_type="Random"/>
</selection_ordering>

<item ident="NewCanvasQuiz_136488631_section_1_item_1_num" title="Question" maxattempts="1">
<itemcontrol feedbackswitch="No" hintswitch="No" solutionswitch="Yes"/>
<itemmetadata>
<qtimetadata>
<qtimetadatafield>
<fieldlabel>question_type</fieldlabel>
<fieldentry>numerical_question</fieldentry>
</qtimetadatafield>
</qtimetadata>
</itemmetadata>
<presentation>
<flow>
<material>
<matbreak/>
<mattext texttype="text/html" charset="utf-8"><![CDATA[
<p>A machine fills milk into 1000ml packages. It is suspected that the
machine is not working correctly and that the amount of milk filled differs
from the setpoint <span class="math inline">\(\mu_0 = 1000\)</span>. A sample of <span class="math inline">\(216\)</span> packages
filled by the machine are collected. The sample mean <span class="math inline">\(\bar{y}\)</span> is equal to
<span class="math inline">\(922.3\)</span> and the sample variance <span class="math inline">\(s^2_{n-1}\)</span> is equal to
<span class="math inline">\(3899.2\)</span>.</p>
<p>Test the hypothesis that the amount filled corresponds on average to the
setpoint. What is the absolute value of the t-test statistic?</p>
]]></mattext>
<matbreak/>
</material>
<response_num ident="NewCanvasQuiz_136488631_section_1_item_1_num_RESPONSE_5504390" rcardinality="Single" numtype="Decimal">
<render_fib fibtype="Decimal" maxchars="12">
<flow_label class="Block">
<response_label ident="NewCanvasQuiz_136488631_section_1_item_1_num_RESPONSE_5504390" rshuffle="No"/>
</flow_label>
</render_fib>
</response_num>
<material>
<matbreak/>
</material>
</flow>
</presentation>
<resprocessing>
<outcomes>
<decvar varname="SCORE" vartype="Decimal" defaultval="0" minvalue="0" maxvalue="1" cutvalue="1"/>
</outcomes>
<respcondition title="Mastery" continue="No">
<conditionvar>

<or>
<varequal respident="NewCanvasQuiz_136488631_section_1_item_1_num_RESPONSE_5504390" case="No"><![CDATA[18.288]]></varequal>
<and>
<vargte respident="NewCanvasQuiz_136488631_section_1_item_1_num_RESPONSE_5504390"><![CDATA[18.278]]></vargte>
<varlte respident="NewCanvasQuiz_136488631_section_1_item_1_num_RESPONSE_5504390"><![CDATA[18.298]]></varlte>
</and>
</or>
</conditionvar>
<setvar varname="SCORE" action="Set">1</setvar>
<displayfeedback feedbacktype="Response" linkrefid="correct_fb"/>
</respcondition>
<respcondition continue="Yes">
<conditionvar>
<other/>
</conditionvar>
<displayfeedback feedbacktype="Response" linkrefid="general_incorrect_fb"/>
</respcondition>
</resprocessing>
<itemfeedback ident="correct_fb" view="All">
<flow_mat>
<material>
<mattext texttype="text/html"><![CDATA[
<p>The t-test statistic is calculated by:
<span class="math display">\[
\begin{aligned}
  t = \frac{\bar y - \mu_0}{\sqrt{\frac{s^2_{n-1}}{n}}}
    = \frac{922.3 - 1000}{\sqrt{\frac{3899.2}{216}}}
    = -18.288.
\end{aligned}
\]</span>
The absolute value of the t-test statistic is thus equal to
18.288.</p>
]]></mattext>
</material>
</flow_mat>
</itemfeedback>
<itemfeedback ident="general_incorrect_fb" view="All">
<flow_mat>
<material>
<mattext texttype="text/html"><![CDATA[
<p>The t-test statistic is calculated by:
<span class="math display">\[
\begin{aligned}
  t = \frac{\bar y - \mu_0}{\sqrt{\frac{s^2_{n-1}}{n}}}
    = \frac{922.3 - 1000}{\sqrt{\frac{3899.2}{216}}}
    = -18.288.
\end{aligned}
\]</span>
The absolute value of the t-test statistic is thus equal to
18.288.</p>
]]></mattext>
</material>
</flow_mat>
</itemfeedback>
</item>


</section>
<section ident="NewCanvasQuiz_136488631_section_2" title="Exercise">

<objectives>
<material>
<mattext><![CDATA[Please answer the following question.]]></mattext>
</material>
</objectives>
<selection_ordering>
<selection>
<selection_number>1</selection_number>
<selection_extension>
<points_per_item>1</points_per_item>
</selection_extension>
</selection>
<order order_type="Random"/>
</selection_ordering>

<item ident="NewCanvasQuiz_136488631_section_2_item_1_schoice" title="Question" maxattempts="1">
<itemcontrol feedbackswitch="No" hintswitch="No" solutionswitch="Yes"/>
<itemmetadata>
<qtimetadata>
<qtimetadatafield>
<fieldlabel>question_type</fieldlabel>
<fieldentry>multiple_choice_question</fieldentry>
</qtimetadatafield>
</qtimetadata>
</itemmetadata>
<presentation>
<flow>
<material>
<matbreak/>
<mattext texttype="text/html" charset="utf-8"><![CDATA[
<p>A machine fills milk into <span class="math inline">\(1000\)</span>ml packages. It is suspected that the
machine is not working correctly and that the amount of milk filled differs
from the setpoint <span class="math inline">\(\mu_0 = 1000\)</span>. A sample of <span class="math inline">\(217\)</span> packages
filled by the machine are collected. The sample mean <span class="math inline">\(\bar{y}\)</span> is equal to
<span class="math inline">\(971.3\)</span> and the sample variance <span class="math inline">\(s^2_{n-1}\)</span> is equal to
<span class="math inline">\(464.88\)</span>.</p>
<p>Test the hypothesis that the amount filled corresponds on average to the
setpoint. What is the value of the t-test statistic?</p>
]]></mattext>
<matbreak/>
</material>
<response_lid ident="NewCanvasQuiz_136488631_section_2_item_1_schoice_RESPONSE_1435314" rcardinality="Single" rtiming="No">
<render_choice shuffle="No">
<flow_label class="List">
<response_label ident="NewCanvasQuiz_136488631_section_2_item_1_schoice_9649729015" rshuffle="No">
<material>
<mattext texttype="text/html" charset="utf-8"><![CDATA[
 <span class="math inline">\(35.699\)</span>
]]></mattext>
</material>
</response_label>
</flow_label>
<flow_label class="List">
<response_label ident="NewCanvasQuiz_136488631_section_2_item_1_schoice_9589359200" rshuffle="No">
<material>
<mattext texttype="text/html" charset="utf-8"><![CDATA[
 <span class="math inline">\(45.321\)</span>
]]></mattext>
</material>
</response_label>
</flow_label>
<flow_label class="List">
<response_label ident="NewCanvasQuiz_136488631_section_2_item_1_schoice_5910387691" rshuffle="No">
<material>
<mattext texttype="text/html" charset="utf-8"><![CDATA[
 <span class="math inline">\(-19.608\)</span>
]]></mattext>
</material>
</response_label>
</flow_label>
<flow_label class="List">
<response_label ident="NewCanvasQuiz_136488631_section_2_item_1_schoice_7139240750" rshuffle="No">
<material>
<mattext texttype="text/html" charset="utf-8"><![CDATA[
 <span class="math inline">\(-3.935\)</span>
]]></mattext>
</material>
</response_label>
</flow_label>
<flow_label class="List">
<response_label ident="NewCanvasQuiz_136488631_section_2_item_1_schoice_5436688892" rshuffle="No">
<material>
<mattext texttype="text/html" charset="utf-8"><![CDATA[
 <span class="math inline">\(33.464\)</span>
]]></mattext>
</material>
</response_label>
</flow_label>
</render_choice>
</response_lid>
</flow>
</presentation>
<resprocessing>
<outcomes>
<decvar varname="SCORE" vartype="Decimal" defaultval="0" minvalue="0" maxvalue="1" cutvalue="1"/>
</outcomes>
<respcondition title="Mastery" continue="No">
<conditionvar>
<and>
<varequal respident="NewCanvasQuiz_136488631_section_2_item_1_schoice_RESPONSE_1435314" case="Yes">NewCanvasQuiz_136488631_section_2_item_1_schoice_5910387691</varequal>
<not> <varequal respident="NewCanvasQuiz_136488631_section_2_item_1_schoice_RESPONSE_1435314" case="Yes">NewCanvasQuiz_136488631_section_2_item_1_schoice_9649729015</varequal> </not>
<not> <varequal respident="NewCanvasQuiz_136488631_section_2_item_1_schoice_RESPONSE_1435314" case="Yes">NewCanvasQuiz_136488631_section_2_item_1_schoice_9589359200</varequal> </not>
<not> <varequal respident="NewCanvasQuiz_136488631_section_2_item_1_schoice_RESPONSE_1435314" case="Yes">NewCanvasQuiz_136488631_section_2_item_1_schoice_7139240750</varequal> </not>
<not> <varequal respident="NewCanvasQuiz_136488631_section_2_item_1_schoice_RESPONSE_1435314" case="Yes">NewCanvasQuiz_136488631_section_2_item_1_schoice_5436688892</varequal> </not>
</and>
</conditionvar>
<setvar varname="SCORE" action="Set">1</setvar>
<displayfeedback feedbacktype="Response" linkrefid="correct_fb"/>
</respcondition>
<respcondition continue="Yes">
<conditionvar>
<other/>
</conditionvar>
<displayfeedback feedbacktype="Response" linkrefid="general_incorrect_fb"/>
</respcondition>
</resprocessing>
<itemfeedback ident="correct_fb" view="All">
<flow_mat>
<material>
<mattext texttype="text/html"><![CDATA[
<p>The t-test statistic is calculated by:
<span class="math display">\[
\begin{aligned}
  t &amp; = &amp; \frac{\bar y - \mu_0}{\sqrt{\frac{s^2_{n-1}}{n}}}
  = \frac{971.3 - 1000}{\sqrt{\frac{464.88}{217}}}
  = -19.608.
\end{aligned}
\]</span>
The t-test statistic is thus equal to
<span class="math inline">\(-19.608\)</span>.</p>
<br />
<ul>
<li> <span class="math inline">\(35.699\)</span> <br /> False </li>
<li> <span class="math inline">\(45.321\)</span> <br /> False </li>
<li> <span class="math inline">\(-19.608\)</span> <br /> True </li>
<li> <span class="math inline">\(-3.935\)</span> <br /> False </li>
<li> <span class="math inline">\(33.464\)</span> <br /> False </li>
</ul>
]]></mattext>
</material>
</flow_mat>
</itemfeedback>
<itemfeedback ident="general_incorrect_fb" view="All">
<flow_mat>
<material>
<mattext texttype="text/html"><![CDATA[
<p>The t-test statistic is calculated by:
<span class="math display">\[
\begin{aligned}
  t &amp; = &amp; \frac{\bar y - \mu_0}{\sqrt{\frac{s^2_{n-1}}{n}}}
  = \frac{971.3 - 1000}{\sqrt{\frac{464.88}{217}}}
  = -19.608.
\end{aligned}
\]</span>
The t-test statistic is thus equal to
<span class="math inline">\(-19.608\)</span>.</p>
<br />
<ul>
<li> <span class="math inline">\(35.699\)</span> <br /> False </li>
<li> <span class="math inline">\(45.321\)</span> <br /> False </li>
<li> <span class="math inline">\(-19.608\)</span> <br /> True </li>
<li> <span class="math inline">\(-3.935\)</span> <br /> False </li>
<li> <span class="math inline">\(33.464\)</span> <br /> False </li>
</ul>
]]></mattext>
</material>
</flow_mat>
</itemfeedback>
</item>


</section>
<section ident="NewCanvasQuiz_136488631_section_3" title="Exercise">

<objectives>
<material>
<mattext><![CDATA[Please answer the following question.]]></mattext>
</material>
</objectives>
<selection_ordering>
<selection>
<selection_number>1</selection_number>
<selection_extension>
<points_per_item>1</points_per_item>
</selection_extension>
</selection>
<order order_type="Random"/>
</selection_ordering>

<item ident="NewCanvasQuiz_136488631_section_3_item_1_mchoice" title="Question" maxattempts="1">
<itemcontrol feedbackswitch="No" hintswitch="No" solutionswitch="Yes"/>
<itemmetadata>
<qtimetadata>
<qtimetadatafield>
<fieldlabel>question_type</fieldlabel>
<fieldentry>multiple_answers_question</fieldentry>
</qtimetadatafield>
</qtimetadata>
</itemmetadata>
<presentation>
<flow>
<material>
<matbreak/>
<mattext texttype="text/html" charset="utf-8"><![CDATA[
<p>In a small city the satisfaction with the local public
transportation is evaluated. One question of interest is whether
inhabitants of the city are more satisfied with public
transportation compared to those living in the suburbs.</p>
<p>A survey with 250 respondents gave the following contingency table:</p>
<pre><code>           Location
Evaluation  City Suburbs
  Very good   24      14
  Good        31      30
  Bad         37      56
  Very bad     8      50</code></pre>
<p>The following table of percentages was constructed:</p>
<pre><code>           Location
Evaluation  City    Suburbs
  Very good    24.0     9.3
  Good         31.0    20.0
  Bad          37.0    37.3
  Very bad      8.0    33.3</code></pre>
<p>Which of the following statements are correct?</p>
]]></mattext>
<matbreak/>
</material>
<response_lid ident="NewCanvasQuiz_136488631_section_3_item_1_mchoice_RESPONSE_3120837" rcardinality="Multiple" rtiming="No">
<render_choice shuffle="No">
<flow_label class="List">
<response_label ident="NewCanvasQuiz_136488631_section_3_item_1_mchoice_7778599119" rshuffle="No">
<material>
<mattext texttype="text/html" charset="utf-8"><![CDATA[
 The percentage table can be easily constructed from the original contingency table: percentages are calculated for each row.
]]></mattext>
</material>
</response_label>
</flow_label>
<flow_label class="List">
<response_label ident="NewCanvasQuiz_136488631_section_3_item_1_mchoice_2649529828" rshuffle="No">
<material>
<mattext texttype="text/html" charset="utf-8"><![CDATA[
 The value in row 4 and column 1 in the percentage table indicates: 8 percent of the respondents live in the city and evaluated the public tranportation as very bad.
]]></mattext>
</material>
</response_label>
</flow_label>
<flow_label class="List">
<response_label ident="NewCanvasQuiz_136488631_section_3_item_1_mchoice_3755857441" rshuffle="No">
<material>
<mattext texttype="text/html" charset="utf-8"><![CDATA[
 The percentage table provides column percentages.
]]></mattext>
</material>
</response_label>
</flow_label>
<flow_label class="List">
<response_label ident="NewCanvasQuiz_136488631_section_3_item_1_mchoice_5294356462" rshuffle="No">
<material>
<mattext texttype="text/html" charset="utf-8"><![CDATA[
 The value in row 2 and column 2 in the percentage table indicates: 20 percentage of those, who evaluated the public transportation as good live in the suburbs.
]]></mattext>
</material>
</response_label>
</flow_label>
<flow_label class="List">
<response_label ident="NewCanvasQuiz_136488631_section_3_item_1_mchoice_1355757376" rshuffle="No">
<material>
<mattext texttype="text/html" charset="utf-8"><![CDATA[
 The percentage table provides the satisfaction distribution for each location type.
]]></mattext>
</material>
</response_label>
</flow_label>
</render_choice>
</response_lid>
</flow>
</presentation>
<resprocessing>
<outcomes>
<decvar varname="SCORE" vartype="Decimal" defaultval="0" minvalue="0" maxvalue="1" cutvalue="1"/>
</outcomes>
<respcondition continue="Yes" title="Mastery">
<conditionvar>
<varequal respident="NewCanvasQuiz_136488631_section_3_item_1_mchoice_RESPONSE_3120837" case="Yes">NewCanvasQuiz_136488631_section_3_item_1_mchoice_3755857441</varequal>
</conditionvar>
<setvar varname="SCORE" action="Add">0.5</setvar>
</respcondition>
<respcondition continue="Yes" title="Mastery">
<conditionvar>
<varequal respident="NewCanvasQuiz_136488631_section_3_item_1_mchoice_RESPONSE_3120837" case="Yes">NewCanvasQuiz_136488631_section_3_item_1_mchoice_1355757376</varequal>
</conditionvar>
<setvar varname="SCORE" action="Add">0.5</setvar>
</respcondition>
<respcondition continue="Yes" title="Fail">
<conditionvar>
<varequal respident="NewCanvasQuiz_136488631_section_3_item_1_mchoice_RESPONSE_3120837" case="Yes">NewCanvasQuiz_136488631_section_3_item_1_mchoice_7778599119</varequal>
</conditionvar>
<setvar varname="SCORE" action="Add">-0.333333333333333</setvar>
<displayfeedback feedbacktype="Solution" linkrefid="Solution"/>
</respcondition>
<respcondition continue="Yes" title="Fail">
<conditionvar>
<varequal respident="NewCanvasQuiz_136488631_section_3_item_1_mchoice_RESPONSE_3120837" case="Yes">NewCanvasQuiz_136488631_section_3_item_1_mchoice_2649529828</varequal>
</conditionvar>
<setvar varname="SCORE" action="Add">-0.333333333333333</setvar>
<displayfeedback feedbacktype="Solution" linkrefid="Solution"/>
</respcondition>
<respcondition continue="Yes" title="Fail">
<conditionvar>
<varequal respident="NewCanvasQuiz_136488631_section_3_item_1_mchoice_RESPONSE_3120837" case="Yes">NewCanvasQuiz_136488631_section_3_item_1_mchoice_5294356462</varequal>
</conditionvar>
<setvar varname="SCORE" action="Add">-0.333333333333333</setvar>
<displayfeedback feedbacktype="Solution" linkrefid="Solution"/>
</respcondition>
<respcondition title="Mastery" continue="No">
<conditionvar>
<and>
<varequal respident="NewCanvasQuiz_136488631_section_3_item_1_mchoice_RESPONSE_3120837" case="Yes">NewCanvasQuiz_136488631_section_3_item_1_mchoice_3755857441</varequal>
<varequal respident="NewCanvasQuiz_136488631_section_3_item_1_mchoice_RESPONSE_3120837" case="Yes">NewCanvasQuiz_136488631_section_3_item_1_mchoice_1355757376</varequal>
<not> <varequal respident="NewCanvasQuiz_136488631_section_3_item_1_mchoice_RESPONSE_3120837" case="Yes">NewCanvasQuiz_136488631_section_3_item_1_mchoice_7778599119</varequal> </not>
<not> <varequal respident="NewCanvasQuiz_136488631_section_3_item_1_mchoice_RESPONSE_3120837" case="Yes">NewCanvasQuiz_136488631_section_3_item_1_mchoice_2649529828</varequal> </not>
<not> <varequal respident="NewCanvasQuiz_136488631_section_3_item_1_mchoice_RESPONSE_3120837" case="Yes">NewCanvasQuiz_136488631_section_3_item_1_mchoice_5294356462</varequal> </not>
</and>
</conditionvar>
<displayfeedback feedbacktype="Response" linkrefid="correct_fb"/>
</respcondition>
<respcondition continue="Yes">
<conditionvar>
<other/>
</conditionvar>
<displayfeedback feedbacktype="Response" linkrefid="general_incorrect_fb"/>
</respcondition>
</resprocessing>
<itemfeedback ident="correct_fb" view="All">
<flow_mat>
<material>
<mattext texttype="text/html"><![CDATA[
<p>In the percentage table, the column sums are about 100 (except for possible rounding errors).
Hence, the table provides column percentages, i.e., conditional relative frequencies for satisfaction level given location type.</p>
<br />
<ul>
<li> The percentage table can be easily constructed from the original contingency table: percentages are calculated for each row. <br /> False. This calculation yields row percentages. But the table provides column percentages. </li>
<li> The value in row 4 and column 1 in the percentage table indicates: 8 percent of the respondents live in the city and evaluated the public tranportation as very bad. <br /> False. This is an interpretation for total percentages, but the table provides column percentages. </li>
<li> The percentage table provides column percentages. <br /> True. The column sums are about equal to 100 (except for possible rounding errors). </li>
<li> The value in row 2 and column 2 in the percentage table indicates: 20 percentage of those, who evaluated the public transportation as good live in the suburbs. <br /> False. This is an interpretation for row percentages, but the table provides column percentages. </li>
<li> The percentage table provides the satisfaction distribution for each location type. <br /> True. The column sums are equal to 100 (except for possible rounding errors). </li>
</ul>
]]></mattext>
</material>
</flow_mat>
</itemfeedback>
<itemfeedback ident="general_incorrect_fb" view="All">
<flow_mat>
<material>
<mattext texttype="text/html"><![CDATA[
<p>In the percentage table, the column sums are about 100 (except for possible rounding errors).
Hence, the table provides column percentages, i.e., conditional relative frequencies for satisfaction level given location type.</p>
<br />
<ul>
<li> The percentage table can be easily constructed from the original contingency table: percentages are calculated for each row. <br /> False. This calculation yields row percentages. But the table provides column percentages. </li>
<li> The value in row 4 and column 1 in the percentage table indicates: 8 percent of the respondents live in the city and evaluated the public tranportation as very bad. <br /> False. This is an interpretation for total percentages, but the table provides column percentages. </li>
<li> The percentage table provides column percentages. <br /> True. The column sums are about equal to 100 (except for possible rounding errors). </li>
<li> The value in row 2 and column 2 in the percentage table indicates: 20 percentage of those, who evaluated the public transportation as good live in the suburbs. <br /> False. This is an interpretation for row percentages, but the table provides column percentages. </li>
<li> The percentage table provides the satisfaction distribution for each location type. <br /> True. The column sums are equal to 100 (except for possible rounding errors). </li>
</ul>
]]></mattext>
</material>
</flow_mat>
</itemfeedback>
</item>


</section>
<section ident="NewCanvasQuiz_136488631_section_4" title="Exercise">

<objectives>
<material>
<mattext><![CDATA[Please answer the following question.]]></mattext>
</material>
</objectives>
<selection_ordering>
<selection>
<selection_number>1</selection_number>
<selection_extension>
<points_per_item>1</points_per_item>
</selection_extension>
</selection>
<order order_type="Random"/>
</selection_ordering>

<item ident="NewCanvasQuiz_136488631_section_4_item_1_string" title="Question" maxattempts="1">
<itemcontrol feedbackswitch="No" hintswitch="No" solutionswitch="Yes"/>
<itemmetadata>
<qtimetadata>
<qtimetadatafield>
<fieldlabel>question_type</fieldlabel>
<fieldentry>short_answer_question</fieldentry>
</qtimetadatafield>
</qtimetadata>
</itemmetadata>
<presentation>
<flow>
<material>
<matbreak/>
<mattext texttype="text/html" charset="utf-8"><![CDATA[
<p>What is the name of the R function for Poisson regression?</p>
]]></mattext>
<matbreak/>
</material>
<response_str ident="NewCanvasQuiz_136488631_section_4_item_1_string_RESPONSE_6860350" rcardinality="Single" numtype="Decimal">
<render_fib fibtype="Decimal" maxchars="12">
<flow_label class="Block">
<response_label ident="NewCanvasQuiz_136488631_section_4_item_1_string_RESPONSE_6860350" rshuffle="No"/>
</flow_label>
</render_fib>
</response_str>
<material>
<matbreak/>
</material>
</flow>
</presentation>
<resprocessing>
<outcomes>
<decvar varname="SCORE" vartype="Decimal" defaultval="0" minvalue="0" maxvalue="1" cutvalue="1"/>
</outcomes>
<respcondition title="Mastery" continue="No">
<conditionvar>
<varequal respident="NewCanvasQuiz_136488631_section_4_item_1_string_RESPONSE_6860350" case="No"><![CDATA[glm]]></varequal>
</conditionvar>
<setvar varname="SCORE" action="Set">1</setvar>
<displayfeedback feedbacktype="Response" linkrefid="correct_fb"/>
</respcondition>
<respcondition continue="Yes" title="Mastery">
<conditionvar>
<varequal respident="NewCanvasQuiz_136488631_section_4_item_1_string_RESPONSE_6860350" case="No"><![CDATA[glm]]></varequal>
</conditionvar>
</respcondition>
<respcondition continue="Yes">
<conditionvar>
<other/>
</conditionvar>
<displayfeedback feedbacktype="Response" linkrefid="general_incorrect_fb"/>
</respcondition>
</resprocessing>
<itemfeedback ident="correct_fb" view="All">
<flow_mat>
<material>
<mattext texttype="text/html"><![CDATA[
<p><code>glm</code> is the R function for Poisson regression.
See <code>?glm</code> for the corresponding manual page.</p>
]]></mattext>
</material>
</flow_mat>
</itemfeedback>
<itemfeedback ident="general_incorrect_fb" view="All">
<flow_mat>
<material>
<mattext texttype="text/html"><![CDATA[
<p><code>glm</code> is the R function for Poisson regression.
See <code>?glm</code> for the corresponding manual page.</p>
]]></mattext>
</material>
</flow_mat>
</itemfeedback>
</item>


</section>
<section ident="NewCanvasQuiz_136488631_section_5" title="Exercise">

<objectives>
<material>
<mattext><![CDATA[Please answer the following question.]]></mattext>
</material>
</objectives>
<selection_ordering>
<selection>
<selection_number>1</selection_number>
<selection_extension>
<points_per_item>1</points_per_item>
</selection_extension>
</selection>
<order order_type="Random"/>
</selection_ordering>

<item ident="NewCanvasQuiz_136488631_section_5_item_1_cloze" title="Question" maxattempts="1">
<itemcontrol feedbackswitch="No" hintswitch="No" solutionswitch="Yes"/>
<itemmetadata>
<qtimetadata>
<qtimetadatafield>
<fieldlabel>question_type</fieldlabel>
<fieldentry>multiple_dropdowns_question</fieldentry>
</qtimetadatafield>
<qtimetadatafield>
<fieldlabel>original_answer_ids</fieldlabel>
<fieldentry>NewCanvasQuiz_136488631_section_5_item_1_cloze_1937048138,NewCanvasQuiz_136488631_section_5_item_1_cloze_9910612925</fieldentry>
</qtimetadatafield>
</qtimetadata>
</itemmetadata>
<presentation>
<flow>
<material>
<matbreak/>
<mattext texttype="text/html" charset="utf-8"><![CDATA[
<p>Describe the following Cardinal vowels according to the three parameters
vowel height, frontness-backness, and lip rounding:</p>
<ol style="list-style-type: decimal">
<li>[ɔ] is the [NewCanvasQuiz_136488631_section_5_item_1_cloze_RESPONSE_4951895] [NewCanvasQuiz_136488631_section_5_item_1_cloze_RESPONSE_1827670] [NewCanvasQuiz_136488631_section_5_item_1_cloze_RESPONSE_9631491] vowel.</li>
<li>[i] is the [NewCanvasQuiz_136488631_section_5_item_1_cloze_RESPONSE_7735544] [NewCanvasQuiz_136488631_section_5_item_1_cloze_RESPONSE_1981989] [NewCanvasQuiz_136488631_section_5_item_1_cloze_RESPONSE_5882445] vowel.</li>
</ol>
]]></mattext>
<matbreak/>
</material>
<response_lid ident="NewCanvasQuiz_136488631_section_5_item_1_cloze_RESPONSE_4951895" rcardinality="Single" rtiming="No">
<render_choice shuffle="No">
<flow_label class="List">
<response_label ident="NewCanvasQuiz_136488631_section_5_item_1_cloze_2959006160" rshuffle="No">
<material>
<mattext texttype="text/html" charset="utf-8"><![CDATA[
 close
]]></mattext>
</material>
</response_label>
</flow_label>
<flow_label class="List">
<response_label ident="NewCanvasQuiz_136488631_section_5_item_1_cloze_4538301274" rshuffle="No">
<material>
<mattext texttype="text/html" charset="utf-8"><![CDATA[
 near-close
]]></mattext>
</material>
</response_label>
</flow_label>
<flow_label class="List">
<response_label ident="NewCanvasQuiz_136488631_section_5_item_1_cloze_1760589880" rshuffle="No">
<material>
<mattext texttype="text/html" charset="utf-8"><![CDATA[
 close-mid
]]></mattext>
</material>
</response_label>
</flow_label>
<flow_label class="List">
<response_label ident="NewCanvasQuiz_136488631_section_5_item_1_cloze_4917407598" rshuffle="No">
<material>
<mattext texttype="text/html" charset="utf-8"><![CDATA[
 mid
]]></mattext>
</material>
</response_label>
</flow_label>
<flow_label class="List">
<response_label ident="NewCanvasQuiz_136488631_section_5_item_1_cloze_1149539806" rshuffle="No">
<material>
<mattext texttype="text/html" charset="utf-8"><![CDATA[
 open-mid
]]></mattext>
</material>
</response_label>
</flow_label>
<flow_label class="List">
<response_label ident="NewCanvasQuiz_136488631_section_5_item_1_cloze_7971304124" rshuffle="No">
<material>
<mattext texttype="text/html" charset="utf-8"><![CDATA[
 near-open
]]></mattext>
</material>
</response_label>
</flow_label>
<flow_label class="List">
<response_label ident="NewCanvasQuiz_136488631_section_5_item_1_cloze_4909057522" rshuffle="No">
<material>
<mattext texttype="text/html" charset="utf-8"><![CDATA[
 open
]]></mattext>
</material>
</response_label>
</flow_label>
</render_choice>
</response_lid>
<response_lid ident="NewCanvasQuiz_136488631_section_5_item_1_cloze_RESPONSE_1827670" rcardinality="Single" rtiming="No">
<render_choice shuffle="No">
<flow_label class="List">
<response_label ident="NewCanvasQuiz_136488631_section_5_item_1_cloze_4071818311" rshuffle="No">
<material>
<mattext texttype="text/html" charset="utf-8"><![CDATA[
 front
]]></mattext>
</material>
</response_label>
</flow_label>
<flow_label class="List">
<response_label ident="NewCanvasQuiz_136488631_section_5_item_1_cloze_9540049193" rshuffle="No">
<material>
<mattext texttype="text/html" charset="utf-8"><![CDATA[
 front centralized
]]></mattext>
</material>
</response_label>
</flow_label>
<flow_label class="List">
<response_label ident="NewCanvasQuiz_136488631_section_5_item_1_cloze_4708284745" rshuffle="No">
<material>
<mattext texttype="text/html" charset="utf-8"><![CDATA[
 central
]]></mattext>
</material>
</response_label>
</flow_label>
<flow_label class="List">
<response_label ident="NewCanvasQuiz_136488631_section_5_item_1_cloze_8826455286" rshuffle="No">
<material>
<mattext texttype="text/html" charset="utf-8"><![CDATA[
 back centralized
]]></mattext>
</material>
</response_label>
</flow_label>
<flow_label class="List">
<response_label ident="NewCanvasQuiz_136488631_section_5_item_1_cloze_6779397556" rshuffle="No">
<material>
<mattext texttype="text/html" charset="utf-8"><![CDATA[
 back
]]></mattext>
</material>
</response_label>
</flow_label>
</render_choice>
</response_lid>
<response_lid ident="NewCanvasQuiz_136488631_section_5_item_1_cloze_RESPONSE_9631491" rcardinality="Single" rtiming="No">
<render_choice shuffle="No">
<flow_label class="List">
<response_label ident="NewCanvasQuiz_136488631_section_5_item_1_cloze_8715241244" rshuffle="No">
<material>
<mattext texttype="text/html" charset="utf-8"><![CDATA[
 unrounded
]]></mattext>
</material>
</response_label>
</flow_label>
<flow_label class="List">
<response_label ident="NewCanvasQuiz_136488631_section_5_item_1_cloze_1609712223" rshuffle="No">
<material>
<mattext texttype="text/html" charset="utf-8"><![CDATA[
 rounded
]]></mattext>
</material>
</response_label>
</flow_label>
</render_choice>
</response_lid>
<response_lid ident="NewCanvasQuiz_136488631_section_5_item_1_cloze_RESPONSE_7735544" rcardinality="Single" rtiming="No">
<render_choice shuffle="No">
<flow_label class="List">
<response_label ident="NewCanvasQuiz_136488631_section_5_item_1_cloze_3478888215" rshuffle="No">
<material>
<mattext texttype="text/html" charset="utf-8"><![CDATA[
 close
]]></mattext>
</material>
</response_label>
</flow_label>
<flow_label class="List">
<response_label ident="NewCanvasQuiz_136488631_section_5_item_1_cloze_1883893541" rshuffle="No">
<material>
<mattext texttype="text/html" charset="utf-8"><![CDATA[
 near-close
]]></mattext>
</material>
</response_label>
</flow_label>
<flow_label class="List">
<response_label ident="NewCanvasQuiz_136488631_section_5_item_1_cloze_8665021304" rshuffle="No">
<material>
<mattext texttype="text/html" charset="utf-8"><![CDATA[
 close-mid
]]></mattext>
</material>
</response_label>
</flow_label>
<flow_label class="List">
<response_label ident="NewCanvasQuiz_136488631_section_5_item_1_cloze_3200000645" rshuffle="No">
<material>
<mattext texttype="text/html" charset="utf-8"><![CDATA[
 mid
]]></mattext>
</material>
</response_label>
</flow_label>
<flow_label class="List">
<response_label ident="NewCanvasQuiz_136488631_section_5_item_1_cloze_6356968329" rshuffle="No">
<material>
<mattext texttype="text/html" charset="utf-8"><![CDATA[
 open-mid
]]></mattext>
</material>
</response_label>
</flow_label>
<flow_label class="List">
<response_label ident="NewCanvasQuiz_136488631_section_5_item_1_cloze_5617891193" rshuffle="No">
<material>
<mattext texttype="text/html" charset="utf-8"><![CDATA[
 near-open
]]></mattext>
</material>
</response_label>
</flow_label>
<flow_label class="List">
<response_label ident="NewCanvasQuiz_136488631_section_5_item_1_cloze_1273427278" rshuffle="No">
<material>
<mattext texttype="text/html" charset="utf-8"><![CDATA[
 open
]]></mattext>
</material>
</response_label>
</flow_label>
</render_choice>
</response_lid>
<response_lid ident="NewCanvasQuiz_136488631_section_5_item_1_cloze_RESPONSE_1981989" rcardinality="Single" rtiming="No">
<render_choice shuffle="No">
<flow_label class="List">
<response_label ident="NewCanvasQuiz_136488631_section_5_item_1_cloze_3602324604" rshuffle="No">
<material>
<mattext texttype="text/html" charset="utf-8"><![CDATA[
 front
]]></mattext>
</material>
</response_label>
</flow_label>
<flow_label class="List">
<response_label ident="NewCanvasQuiz_136488631_section_5_item_1_cloze_1704704269" rshuffle="No">
<material>
<mattext texttype="text/html" charset="utf-8"><![CDATA[
 front centralized
]]></mattext>
</material>
</response_label>
</flow_label>
<flow_label class="List">
<response_label ident="NewCanvasQuiz_136488631_section_5_item_1_cloze_5324585458" rshuffle="No">
<material>
<mattext texttype="text/html" charset="utf-8"><![CDATA[
 central
]]></mattext>
</material>
</response_label>
</flow_label>
<flow_label class="List">
<response_label ident="NewCanvasQuiz_136488631_section_5_item_1_cloze_1354051882" rshuffle="No">
<material>
<mattext texttype="text/html" charset="utf-8"><![CDATA[
 back centralized
]]></mattext>
</material>
</response_label>
</flow_label>
<flow_label class="List">
<response_label ident="NewCanvasQuiz_136488631_section_5_item_1_cloze_3192965804" rshuffle="No">
<material>
<mattext texttype="text/html" charset="utf-8"><![CDATA[
 back
]]></mattext>
</material>
</response_label>
</flow_label>
</render_choice>
</response_lid>
<response_lid ident="NewCanvasQuiz_136488631_section_5_item_1_cloze_RESPONSE_5882445" rcardinality="Single" rtiming="No">
<render_choice shuffle="No">
<flow_label class="List">
<response_label ident="NewCanvasQuiz_136488631_section_5_item_1_cloze_1937048138" rshuffle="No">
<material>
<mattext texttype="text/html" charset="utf-8"><![CDATA[
 unrounded
]]></mattext>
</material>
</response_label>
</flow_label>
<flow_label class="List">
<response_label ident="NewCanvasQuiz_136488631_section_5_item_1_cloze_9910612925" rshuffle="No">
<material>
<mattext texttype="text/html" charset="utf-8"><![CDATA[
 rounded
]]></mattext>
</material>
</response_label>
</flow_label>
</render_choice>
</response_lid>
</flow>
</presentation>
<resprocessing>
<outcomes>
<decvar varname="SCORE" vartype="Decimal" defaultval="0" minvalue="0" maxvalue="1" cutvalue="1"/>
</outcomes>
<respcondition title="Fail" continue="Yes">
<conditionvar>
<not>
<varequal respident="NewCanvasQuiz_136488631_section_5_item_1_cloze_RESPONSE_4951895" case="Yes">NewCanvasQuiz_136488631_section_5_item_1_cloze_1149539806</varequal>
</not>
</conditionvar>
<setvar varname="SCORE" action="Add">-0.0277777777777778</setvar>
<displayfeedback feedbacktype="Solution" linkrefid="Solution"/>
</respcondition>
<respcondition title="Fail" continue="Yes">
<conditionvar>
<not>
<varequal respident="NewCanvasQuiz_136488631_section_5_item_1_cloze_RESPONSE_1827670" case="Yes">NewCanvasQuiz_136488631_section_5_item_1_cloze_6779397556</varequal>
</not>
</conditionvar>
<setvar varname="SCORE" action="Add">-0.0416666666666667</setvar>
<displayfeedback feedbacktype="Solution" linkrefid="Solution"/>
</respcondition>
<respcondition title="Fail" continue="Yes">
<conditionvar>
<not>
<varequal respident="NewCanvasQuiz_136488631_section_5_item_1_cloze_RESPONSE_9631491" case="Yes">NewCanvasQuiz_136488631_section_5_item_1_cloze_1609712223</varequal>
</not>
</conditionvar>
<setvar varname="SCORE" action="Add">-0.0833333333333333</setvar>
<displayfeedback feedbacktype="Solution" linkrefid="Solution"/>
</respcondition>
<respcondition title="Fail" continue="Yes">
<conditionvar>
<not>
<varequal respident="NewCanvasQuiz_136488631_section_5_item_1_cloze_RESPONSE_7735544" case="Yes">NewCanvasQuiz_136488631_section_5_item_1_cloze_3478888215</varequal>
</not>
</conditionvar>
<setvar varname="SCORE" action="Add">-0.0277777777777778</setvar>
<displayfeedback feedbacktype="Solution" linkrefid="Solution"/>
</respcondition>
<respcondition title="Fail" continue="Yes">
<conditionvar>
<not>
<varequal respident="NewCanvasQuiz_136488631_section_5_item_1_cloze_RESPONSE_1981989" case="Yes">NewCanvasQuiz_136488631_section_5_item_1_cloze_3602324604</varequal>
</not>
</conditionvar>
<setvar varname="SCORE" action="Add">-0.0416666666666667</setvar>
<displayfeedback feedbacktype="Solution" linkrefid="Solution"/>
</respcondition>
<respcondition title="Fail" continue="Yes">
<conditionvar>
<not>
<varequal respident="NewCanvasQuiz_136488631_section_5_item_1_cloze_RESPONSE_5882445" case="Yes">NewCanvasQuiz_136488631_section_5_item_1_cloze_1937048138</varequal>
</not>
</conditionvar>
<setvar varname="SCORE" action="Add">-0.0833333333333333</setvar>
<displayfeedback feedbacktype="Solution" linkrefid="Solution"/>
</respcondition>
<respcondition>
<conditionvar>
<varequal respident="NewCanvasQuiz_136488631_section_5_item_1_cloze_RESPONSE_4951895" case="Yes">NewCanvasQuiz_136488631_section_5_item_1_cloze_1149539806</varequal>
</conditionvar>
<setvar varname="SCORE" action="Add">0.166666666666667</setvar>
</respcondition>
<respcondition>
<conditionvar>
<varequal respident="NewCanvasQuiz_136488631_section_5_item_1_cloze_RESPONSE_1827670" case="Yes">NewCanvasQuiz_136488631_section_5_item_1_cloze_6779397556</varequal>
</conditionvar>
<setvar varname="SCORE" action="Add">0.166666666666667</setvar>
</respcondition>
<respcondition>
<conditionvar>
<varequal respident="NewCanvasQuiz_136488631_section_5_item_1_cloze_RESPONSE_9631491" case="Yes">NewCanvasQuiz_136488631_section_5_item_1_cloze_1609712223</varequal>
</conditionvar>
<setvar varname="SCORE" action="Add">0.166666666666667</setvar>
</respcondition>
<respcondition>
<conditionvar>
<varequal respident="NewCanvasQuiz_136488631_section_5_item_1_cloze_RESPONSE_7735544" case="Yes">NewCanvasQuiz_136488631_section_5_item_1_cloze_3478888215</varequal>
</conditionvar>
<setvar varname="SCORE" action="Add">0.166666666666667</setvar>
</respcondition>
<respcondition>
<conditionvar>
<varequal respident="NewCanvasQuiz_136488631_section_5_item_1_cloze_RESPONSE_1981989" case="Yes">NewCanvasQuiz_136488631_section_5_item_1_cloze_3602324604</varequal>
</conditionvar>
<setvar varname="SCORE" action="Add">0.166666666666667</setvar>
</respcondition>
<respcondition>
<conditionvar>
<varequal respident="NewCanvasQuiz_136488631_section_5_item_1_cloze_RESPONSE_5882445" case="Yes">NewCanvasQuiz_136488631_section_5_item_1_cloze_1937048138</varequal>
</conditionvar>
<setvar varname="SCORE" action="Add">0.166666666666667</setvar>
</respcondition>
<respcondition continue="Yes">
<conditionvar>
<other/>
</conditionvar>
<displayfeedback feedbacktype="Response" linkrefid="general_incorrect_fb"/>
</respcondition>
</resprocessing>
<itemfeedback ident="correct_fb" view="All">
<flow_mat>
<material>
<mattext texttype="text/html"><![CDATA[
<p>For an overview of the 18 Cardinal vowels see <a href="https://en.wikipedia.org/wiki/Cardinal_vowels" class="uri">https://en.wikipedia.org/wiki/Cardinal_vowels</a>.</p>
<ol style="list-style-type: decimal">
<li>[ɔ] is the open-mid back rounded vowel.</li>
<li>[i] is the close front unrounded vowel.</li>
</ol>
]]></mattext>
</material>
</flow_mat>
</itemfeedback>
<itemfeedback ident="general_incorrect_fb" view="All">
<flow_mat>
<material>
<mattext texttype="text/html"><![CDATA[
<p>For an overview of the 18 Cardinal vowels see <a href="https://en.wikipedia.org/wiki/Cardinal_vowels" class="uri">https://en.wikipedia.org/wiki/Cardinal_vowels</a>.</p>
<ol style="list-style-type: decimal">
<li>[ɔ] is the open-mid back rounded vowel.</li>
<li>[i] is the close front unrounded vowel.</li>
</ol>
]]></mattext>
</material>
</flow_mat>
</itemfeedback>
</item>


</section>

</assessment>
</questestinterop>
