<?xml version="1.0" encoding="UTF-8"?>
<manifest xsi:schemaLocation="http://www.imsglobal.org/xsd/imscp_v1p1 http://www.imsglobal.org/xsd/qti/qtiv2p1/qtiv2p1_imscpv1p2_v1p0.xsd http://www.imsglobal.org/xsd/imsqti_v2p1 http://www.imsglobal.org/xsd/qti/qtiv2p1/imsqti_v2p1p1.xsd http://www.imsglobal.org/xsd/imsqti_metadata_v2p1 http://www.imsglobal.org/xsd/qti/qtiv2p1/imsqti_metadata_v2p1p1.xsd http://ltsc.ieee.org/xsd/LOM http://www.imsglobal.org/xsd/imsmd_loose_v1p3p2.xsd http://www.w3.org/1998/Math/MathML http://www.w3.org/Math/XMLSchema/mathml2/mathml2.xsd" identifier="R-exams_689609216_manifest" xmlns="http://www.imsglobal.org/xsd/imscp_v1p1" xmlns:xsi="http://www.w3.org/2001/XMLSchema-instance">
<metadata>
<schema>QTIv2.1 Package</schema>
<schemaversion>1.0.0</schemaversion>
</metadata>
<organizations/>
<resources>
<resource identifier="R-exams_689609216_id" type="imsqti_test_xmlv2p1" href="R-exams_689609216.xml">
<metadata>
<lom xmlns="http://ltsc.ieee.org/xsd/LOM">
<general>
<identifier>
<entry>R-exams_689609216</entry>
</identifier>
<title>
<string language="en_US">R-exams</string>
</title>
<description>
<string language="en_US">Please solve the following exercises.</string>
</description>
</general>
<lifeCycle>
<contribute>
<role>
<source>LOMv1.0</source>
<value>author</value>
</role>
<entity>Mr. Exam</entity>
<date>
<dateTime>2014-04-08T05:35:56</dateTime>
</date>
</contribute>
</lifeCycle>
</lom>
</metadata>
<file href="R-exams_689609216.xml"/>
<dependency identifierref="R-exams_689609216_section_1_item_1_schoice_id"/>
<dependency identifierref="R-exams_689609216_section_1_item_2_schoice_id"/>
<dependency identifierref="R-exams_689609216_section_1_item_3_schoice_id"/>
<dependency identifierref="R-exams_689609216_section_2_item_1_num_id"/>
<dependency identifierref="R-exams_689609216_section_2_item_2_num_id"/>
<dependency identifierref="R-exams_689609216_section_2_item_3_num_id"/>
<dependency identifierref="R-exams_689609216_section_3_item_1_mchoice_id"/>
<dependency identifierref="R-exams_689609216_section_3_item_2_mchoice_id"/>
<dependency identifierref="R-exams_689609216_section_3_item_3_mchoice_id"/>
<dependency identifierref="R-exams_689609216_section_4_item_1_mchoice_id"/>
<dependency identifierref="R-exams_689609216_section_4_item_2_mchoice_id"/>
<dependency identifierref="R-exams_689609216_section_4_item_3_mchoice_id"/>
<dependency identifierref="R-exams_689609216_section_5_item_1_string_id"/>
<dependency identifierref="R-exams_689609216_section_5_item_2_string_id"/>
<dependency identifierref="R-exams_689609216_section_5_item_3_string_id"/>
<dependency identifierref="R-exams_689609216_section_6_item_1_cloze_id"/>
<dependency identifierref="R-exams_689609216_section_6_item_2_cloze_id"/>
<dependency identifierref="R-exams_689609216_section_6_item_3_cloze_id"/>
<dependency identifierref="R-exams_689609216_section_7_item_1_cloze_id"/>
<dependency identifierref="R-exams_689609216_section_7_item_2_cloze_id"/>
<dependency identifierref="R-exams_689609216_section_7_item_3_cloze_id"/>
</resource>
<resource identifier="R-exams_689609216_section_1_item_1_schoice_id" type="imsqti_item_xmlv2p1" href="R-exams_689609216_section_1_item_1_schoice.xml">
<file href="R-exams_689609216_section_1_item_1_schoice.xml"/>
</resource>
<resource identifier="R-exams_689609216_section_1_item_2_schoice_id" type="imsqti_item_xmlv2p1" href="R-exams_689609216_section_1_item_2_schoice.xml">
<file href="R-exams_689609216_section_1_item_2_schoice.xml"/>
</resource>
<resource identifier="R-exams_689609216_section_1_item_3_schoice_id" type="imsqti_item_xmlv2p1" href="R-exams_689609216_section_1_item_3_schoice.xml">
<file href="R-exams_689609216_section_1_item_3_schoice.xml"/>
</resource>
<resource identifier="R-exams_689609216_section_2_item_1_num_id" type="imsqti_item_xmlv2p1" href="R-exams_689609216_section_2_item_1_num.xml">
<file href="R-exams_689609216_section_2_item_1_num.xml"/>
</resource>
<resource identifier="R-exams_689609216_section_2_item_2_num_id" type="imsqti_item_xmlv2p1" href="R-exams_689609216_section_2_item_2_num.xml">
<file href="R-exams_689609216_section_2_item_2_num.xml"/>
</resource>
<resource identifier="R-exams_689609216_section_2_item_3_num_id" type="imsqti_item_xmlv2p1" href="R-exams_689609216_section_2_item_3_num.xml">
<file href="R-exams_689609216_section_2_item_3_num.xml"/>
</resource>
<resource identifier="R-exams_689609216_section_3_item_1_mchoice_id" type="imsqti_item_xmlv2p1" href="R-exams_689609216_section_3_item_1_mchoice.xml">
<file href="R-exams_689609216_section_3_item_1_mchoice.xml"/>
</resource>
<resource identifier="R-exams_689609216_section_3_item_2_mchoice_id" type="imsqti_item_xmlv2p1" href="R-exams_689609216_section_3_item_2_mchoice.xml">
<file href="R-exams_689609216_section_3_item_2_mchoice.xml"/>
</resource>
<resource identifier="R-exams_689609216_section_3_item_3_mchoice_id" type="imsqti_item_xmlv2p1" href="R-exams_689609216_section_3_item_3_mchoice.xml">
<file href="R-exams_689609216_section_3_item_3_mchoice.xml"/>
</resource>
<resource identifier="R-exams_689609216_section_4_item_1_mchoice_id" type="imsqti_item_xmlv2p1" href="R-exams_689609216_section_4_item_1_mchoice.xml">
<file href="R-exams_689609216_section_4_item_1_mchoice.xml"/>
</resource>
<resource identifier="R-exams_689609216_section_4_item_2_mchoice_id" type="imsqti_item_xmlv2p1" href="R-exams_689609216_section_4_item_2_mchoice.xml">
<file href="R-exams_689609216_section_4_item_2_mchoice.xml"/>
</resource>
<resource identifier="R-exams_689609216_section_4_item_3_mchoice_id" type="imsqti_item_xmlv2p1" href="R-exams_689609216_section_4_item_3_mchoice.xml">
<file href="R-exams_689609216_section_4_item_3_mchoice.xml"/>
</resource>
<resource identifier="R-exams_689609216_section_5_item_1_string_id" type="imsqti_item_xmlv2p1" href="R-exams_689609216_section_5_item_1_string.xml">
<file href="R-exams_689609216_section_5_item_1_string.xml"/>
</resource>
<resource identifier="R-exams_689609216_section_5_item_2_string_id" type="imsqti_item_xmlv2p1" href="R-exams_689609216_section_5_item_2_string.xml">
<file href="R-exams_689609216_section_5_item_2_string.xml"/>
</resource>
<resource identifier="R-exams_689609216_section_5_item_3_string_id" type="imsqti_item_xmlv2p1" href="R-exams_689609216_section_5_item_3_string.xml">
<file href="R-exams_689609216_section_5_item_3_string.xml"/>
</resource>
<resource identifier="R-exams_689609216_section_6_item_1_cloze_id" type="imsqti_item_xmlv2p1" href="R-exams_689609216_section_6_item_1_cloze.xml">
<file href="R-exams_689609216_section_6_item_1_cloze.xml"/>
</resource>
<resource identifier="R-exams_689609216_section_6_item_2_cloze_id" type="imsqti_item_xmlv2p1" href="R-exams_689609216_section_6_item_2_cloze.xml">
<file href="R-exams_689609216_section_6_item_2_cloze.xml"/>
</resource>
<resource identifier="R-exams_689609216_section_6_item_3_cloze_id" type="imsqti_item_xmlv2p1" href="R-exams_689609216_section_6_item_3_cloze.xml">
<file href="R-exams_689609216_section_6_item_3_cloze.xml"/>
</resource>
<resource identifier="R-exams_689609216_section_7_item_1_cloze_id" type="imsqti_item_xmlv2p1" href="R-exams_689609216_section_7_item_1_cloze.xml">
<file href="R-exams_689609216_section_7_item_1_cloze.xml"/>
</resource>
<resource identifier="R-exams_689609216_section_7_item_2_cloze_id" type="imsqti_item_xmlv2p1" href="R-exams_689609216_section_7_item_2_cloze.xml">
<file href="R-exams_689609216_section_7_item_2_cloze.xml"/>
</resource>
<resource identifier="R-exams_689609216_section_7_item_3_cloze_id" type="imsqti_item_xmlv2p1" href="R-exams_689609216_section_7_item_3_cloze.xml">
<file href="R-exams_689609216_section_7_item_3_cloze.xml"/>
</resource>
</resources>
</manifest>
