<?xml version="1.0" encoding="UTF-8"?>
<assessmentTest xsi:schemaLocation="http://www.imsglobal.org/xsd/imsqti_v2p1 http://www.imsglobal.org/xsd/qti/qtiv2p1/imsqti_v2p1p1.xsd" identifier="R-exams_689609216" title="R-exams" xmlns="http://www.imsglobal.org/xsd/imsqti_v2p1" xmlns:xsi="http://www.w3.org/2001/XMLSchema-instance">
<outcomeDeclaration identifier="SCORE" cardinality="single" baseType="float">
<defaultValue>
<value>0.0</value>
</defaultValue>
</outcomeDeclaration>
<outcomeDeclaration identifier="PASS" cardinality="single" baseType="boolean">
<defaultValue>
<value>false</value>
</defaultValue>
</outcomeDeclaration>
<outcomeDeclaration identifier="FEEDBACKMODAL" cardinality="multiple" baseType="identifier" view="testConstructor"/>
<outcomeDeclaration identifier="MAXSCORE" cardinality="single" baseType="float">
<defaultValue>
<value>16</value>
</defaultValue>
</outcomeDeclaration>

<testPart identifier="R-exams_689609216_part1" navigationMode="nonlinear" submissionMode="individual">
<itemSessionControl allowComment="false" maxAttempts="1" showSolution="true"/>
<assessmentSection identifier="R-exams_689609216_section_1" fixed="false" title="Exercise" visible="true">
<selection select="1"/>
<ordering shuffle="true"/>
<rubricBlock view="candidate">
<p>Please answer the following question.</p>
</rubricBlock>
<assessmentItemRef identifier="R-exams_689609216_section_1_item_1_schoice" href="R-exams_689609216_section_1_item_1_schoice.xml" fixed="false"/>
<assessmentItemRef identifier="R-exams_689609216_section_1_item_2_schoice" href="R-exams_689609216_section_1_item_2_schoice.xml" fixed="false"/>
<assessmentItemRef identifier="R-exams_689609216_section_1_item_3_schoice" href="R-exams_689609216_section_1_item_3_schoice.xml" fixed="false"/>
</assessmentSection>
<assessmentSection identifier="R-exams_689609216_section_2" fixed="false" title="Exercise" visible="true">
<selection select="1"/>
<ordering shuffle="true"/>
<rubricBlock view="candidate">
<p>Please answer the following question.</p>
</rubricBlock>
<assessmentItemRef identifier="R-exams_689609216_section_2_item_1_num" href="R-exams_689609216_section_2_item_1_num.xml" fixed="false"/>
<assessmentItemRef identifier="R-exams_689609216_section_2_item_2_num" href="R-exams_689609216_section_2_item_2_num.xml" fixed="false"/>
<assessmentItemRef identifier="R-exams_689609216_section_2_item_3_num" href="R-exams_689609216_section_2_item_3_num.xml" fixed="false"/>
</assessmentSection>
<assessmentSection identifier="R-exams_689609216_section_3" fixed="false" title="Exercise" visible="true">
<selection select="1"/>
<ordering shuffle="true"/>
<rubricBlock view="candidate">
<p>Please answer the following question.</p>
</rubricBlock>
<assessmentItemRef identifier="R-exams_689609216_section_3_item_1_mchoice" href="R-exams_689609216_section_3_item_1_mchoice.xml" fixed="false"/>
<assessmentItemRef identifier="R-exams_689609216_section_3_item_2_mchoice" href="R-exams_689609216_section_3_item_2_mchoice.xml" fixed="false"/>
<assessmentItemRef identifier="R-exams_689609216_section_3_item_3_mchoice" href="R-exams_689609216_section_3_item_3_mchoice.xml" fixed="false"/>
</assessmentSection>
<assessmentSection identifier="R-exams_689609216_section_4" fixed="false" title="Exercise" visible="true">
<selection select="1"/>
<ordering shuffle="true"/>
<rubricBlock view="candidate">
<p>Please answer the following question.</p>
</rubricBlock>
<assessmentItemRef identifier="R-exams_689609216_section_4_item_1_mchoice" href="R-exams_689609216_section_4_item_1_mchoice.xml" fixed="false"/>
<assessmentItemRef identifier="R-exams_689609216_section_4_item_2_mchoice" href="R-exams_689609216_section_4_item_2_mchoice.xml" fixed="false"/>
<assessmentItemRef identifier="R-exams_689609216_section_4_item_3_mchoice" href="R-exams_689609216_section_4_item_3_mchoice.xml" fixed="false"/>
</assessmentSection>
<assessmentSection identifier="R-exams_689609216_section_5" fixed="false" title="Exercise" visible="true">
<selection select="1"/>
<ordering shuffle="true"/>
<rubricBlock view="candidate">
<p>Please answer the following question.</p>
</rubricBlock>
<assessmentItemRef identifier="R-exams_689609216_section_5_item_1_string" href="R-exams_689609216_section_5_item_1_string.xml" fixed="false"/>
<assessmentItemRef identifier="R-exams_689609216_section_5_item_2_string" href="R-exams_689609216_section_5_item_2_string.xml" fixed="false"/>
<assessmentItemRef identifier="R-exams_689609216_section_5_item_3_string" href="R-exams_689609216_section_5_item_3_string.xml" fixed="false"/>
</assessmentSection>
<assessmentSection identifier="R-exams_689609216_section_6" fixed="false" title="Exercise" visible="true">
<selection select="1"/>
<ordering shuffle="true"/>
<rubricBlock view="candidate">
<p>Please answer the following question.</p>
</rubricBlock>
<assessmentItemRef identifier="R-exams_689609216_section_6_item_1_cloze" href="R-exams_689609216_section_6_item_1_cloze.xml" fixed="false"/>
<assessmentItemRef identifier="R-exams_689609216_section_6_item_2_cloze" href="R-exams_689609216_section_6_item_2_cloze.xml" fixed="false"/>
<assessmentItemRef identifier="R-exams_689609216_section_6_item_3_cloze" href="R-exams_689609216_section_6_item_3_cloze.xml" fixed="false"/>
</assessmentSection>
<assessmentSection identifier="R-exams_689609216_section_7" fixed="false" title="Exercise" visible="true">
<selection select="1"/>
<ordering shuffle="true"/>
<rubricBlock view="candidate">
<p>Please answer the following question.</p>
</rubricBlock>
<assessmentItemRef identifier="R-exams_689609216_section_7_item_1_cloze" href="R-exams_689609216_section_7_item_1_cloze.xml" fixed="false"/>
<assessmentItemRef identifier="R-exams_689609216_section_7_item_2_cloze" href="R-exams_689609216_section_7_item_2_cloze.xml" fixed="false"/>
<assessmentItemRef identifier="R-exams_689609216_section_7_item_3_cloze" href="R-exams_689609216_section_7_item_3_cloze.xml" fixed="false"/>
</assessmentSection>
</testPart>
<outcomeProcessing>
<setOutcomeValue identifier="SCORE">
<sum>
<testVariables variableIdentifier="SCORE"/>
</sum>
</setOutcomeValue>
<outcomeCondition>
<outcomeIf>
<gte>
<sum>
<testVariables variableIdentifier="SCORE"/>
</sum>
<baseValue baseType="float">0</baseValue>
</gte>
<setOutcomeValue identifier="PASS">
<baseValue baseType="boolean">true</baseValue>
</setOutcomeValue>
</outcomeIf>
<outcomeElse>
<setOutcomeValue identifier="PASS">
<baseValue baseType="boolean">false</baseValue>
</setOutcomeValue>
</outcomeElse>
</outcomeCondition>
</outcomeProcessing>
</assessmentTest>
