<?xml version="1.0" encoding="UTF-8"?>
<assessmentItem xsi:schemaLocation="http://www.imsglobal.org/xsd/imsqti_v2p1 http://www.imsglobal.org/xsd/qti/qtiv2p1/imsqti_v2p1p1.xsd http://www.w3.org/1998/Math/MathML http://www.w3.org/Math/XMLSchema/mathml2/mathml2.xsd" identifier="R-exams_689609216_section_3_item_3_mchoice" title="Question" adaptive="false" timeDependent="false" xmlns="http://www.imsglobal.org/xsd/imsqti_v2p1" xmlns:xsi="http://www.w3.org/2001/XMLSchema-instance">
<responseDeclaration identifier="R-exams_689609216_section_3_item_3_mchoice_RESPONSE_8791484" cardinality="multiple" baseType="identifier">
<correctResponse>
<value>R-exams_689609216_section_3_item_3_mchoice_5845451487</value>
<value>R-exams_689609216_section_3_item_3_mchoice_2560837981</value>
</correctResponse>
<mapping defaultValue="0" lowerBound="0.0">
<mapEntry mapKey="R-exams_689609216_section_3_item_3_mchoice_1495959774" mappedValue="-0.333333333333333"/>
<mapEntry mapKey="R-exams_689609216_section_3_item_3_mchoice_5845451487" mappedValue="0.5"/>
<mapEntry mapKey="R-exams_689609216_section_3_item_3_mchoice_2560837981" mappedValue="0.5"/>
<mapEntry mapKey="R-exams_689609216_section_3_item_3_mchoice_6095073677" mappedValue="-0.333333333333333"/>
<mapEntry mapKey="R-exams_689609216_section_3_item_3_mchoice_1077765946" mappedValue="-0.333333333333333"/>
</mapping>
</responseDeclaration>
<outcomeDeclaration identifier="SCORE" cardinality="single" baseType="float" normalMaximum="1" normalMinimum="0">
<defaultValue>
<value>0.0</value>
</defaultValue>
</outcomeDeclaration>
<outcomeDeclaration identifier="MAXSCORE" cardinality="single" baseType="float">
<defaultValue>
<value>1</value>
</defaultValue>
</outcomeDeclaration>
<outcomeDeclaration identifier="FEEDBACKBASIC" cardinality="single" baseType="identifier" view="testConstructor">
<defaultValue>
<value>empty</value>
</defaultValue>
</outcomeDeclaration>
<outcomeDeclaration identifier="FEEDBACKMODAL" cardinality="multiple" baseType="identifier" view="testConstructor"/>
<outcomeDeclaration identifier="MINSCORE" cardinality="single" baseType="float">
<defaultValue>
<value baseType="float">0</value>
</defaultValue>
</outcomeDeclaration>
<itemBody>
<p>The waiting time (in minutes) at the cashier of two supermarket chains with different cashier systems is compared. The following statistical test was performed:</p>
<pre><code>    Two Sample t-test

data:  Waiting by Supermarket
t = 1.336, df = 135, p-value = 0.0919
alternative hypothesis: true difference in means is greater than 0
95 percent confidence interval:
 -0.2010577        Inf
sample estimates:
 mean in group Sparag mean in group Consumo 
             7.067593              6.228852 </code></pre>
<p>Which of the following statements are correct? (Significance level <span class="math">5\%</span>)</p>
<choiceInteraction responseIdentifier="R-exams_689609216_section_3_item_3_mchoice_RESPONSE_8791484" shuffle="false" maxChoices="0">
<simpleChoice identifier="R-exams_689609216_section_3_item_3_mchoice_1495959774">
<p>
a. The absolute value of the test statistic is larger than 1.96.
</p>
</simpleChoice>
<simpleChoice identifier="R-exams_689609216_section_3_item_3_mchoice_5845451487">
<p>
b. A one-sided alternative was tested.
</p>
</simpleChoice>
<simpleChoice identifier="R-exams_689609216_section_3_item_3_mchoice_2560837981">
<p>
c. The <span class="math">p</span> value is larger than <span class="math">0.05</span>.
</p>
</simpleChoice>
<simpleChoice identifier="R-exams_689609216_section_3_item_3_mchoice_6095073677">
<p>
d. The test shows that the waiting time is longer at Sparag than at Consumo.
</p>
</simpleChoice>
<simpleChoice identifier="R-exams_689609216_section_3_item_3_mchoice_1077765946">
<p>
e. The test shows that the waiting time is shorter at Sparag than at Consumo.
</p>
</simpleChoice>
</choiceInteraction>
</itemBody>
<responseProcessing>
<responseCondition>
<responseIf>
<isNull>
<variable identifier="R-exams_689609216_section_3_item_3_mchoice_RESPONSE_8791484"/>
</isNull>
<setOutcomeValue identifier="FEEDBACKBASIC">
<baseValue baseType="identifier">empty</baseValue>
</setOutcomeValue>
</responseIf>
<responseElse>
<setOutcomeValue identifier="FEEDBACKBASIC">
<baseValue baseType="identifier">correct</baseValue>
</setOutcomeValue>
</responseElse>
</responseCondition>
<responseCondition>
<responseIf>
<isNull>
<variable identifier="R-exams_689609216_section_3_item_3_mchoice_RESPONSE_8791484"/>
</isNull>
<setOutcomeValue identifier="SCORE">
<sum>
<variable identifier="SCORE"/>
<baseValue baseType="float">0.0</baseValue>
</sum>
</setOutcomeValue>
</responseIf>
</responseCondition>
<responseCondition>
<responseIf>
<match>
<variable identifier="FEEDBACKBASIC"/>
<baseValue baseType="identifier">correct</baseValue>
</match>
<setOutcomeValue identifier="SCORE">
<sum>
<variable identifier="SCORE"/>
<mapResponse identifier="R-exams_689609216_section_3_item_3_mchoice_RESPONSE_8791484"/>
</sum>
</setOutcomeValue>
</responseIf>
</responseCondition>
<responseCondition>
<responseIf>
<equal toleranceMode="relative" tolerance="0.001">
<variable identifier="SCORE"/>
<variable identifier="MAXSCORE"/>
</equal>
<setOutcomeValue identifier="SCORE">
<baseValue baseType="float">1</baseValue>
</setOutcomeValue>
</responseIf>
</responseCondition>
<responseCondition>
<responseIf>
<equal toleranceMode="relative" tolerance="0.001">
<variable identifier="SCORE"/>
<variable identifier="MAXSCORE"/>
</equal>
<setOutcomeValue identifier="FEEDBACKBASIC">
<baseValue baseType="identifier">correct</baseValue>
</setOutcomeValue>
</responseIf>
<responseElse>
<setOutcomeValue identifier="FEEDBACKBASIC">
<baseValue baseType="identifier">incorrect</baseValue>
</setOutcomeValue>
</responseElse>
</responseCondition>
<responseCondition>
<responseIf>
<and>
<match>
<baseValue baseType="identifier">incorrect</baseValue>
<variable identifier="FEEDBACKBASIC"/>
</match>
</and>
<setOutcomeValue identifier="FEEDBACKMODAL">
<multiple>
<variable identifier="FEEDBACKMODAL"/>
<baseValue baseType="identifier">Feedback705062312</baseValue>
</multiple>
</setOutcomeValue>
</responseIf>
</responseCondition>
</responseProcessing>
<modalFeedback identifier="Feedback705062312" outcomeIdentifier="FEEDBACKMODAL" showHide="show">
<ol type = "a">
<li> The absolute value of the test statistic is larger than 1.96. <br /> False. The absolute value of the test statistic is equal to 1.336. </li>
<li> A one-sided alternative was tested. <br /> True. The test aims at showing that the difference of means is larger than <span class="math">0</span>. </li>
<li> The <span class="math">p</span> value is larger than <span class="math">0.05</span>. <br /> True. The <span class="math">p</span> value is equal to <span class="math">0.0919</span>. </li>
<li> The test shows that the waiting time is longer at Sparag than at Consumo. <br /> False. The test result is not significant (<span class="math">p \ge 0.05</span>). </li>
<li> The test shows that the waiting time is shorter at Sparag than at Consumo. <br /> False. The test aims at showing that the waiting time at Sparag is longer than at Consumo. The test result ist not significant (<span class="math">p \ge 0.05</span>). </li>
</ol>
</modalFeedback>
</assessmentItem>
