<?xml version="1.0" encoding="UTF-8"?>
<assessmentItem xsi:schemaLocation="http://www.imsglobal.org/xsd/imsqti_v2p1 http://www.imsglobal.org/xsd/qti/qtiv2p1/imsqti_v2p1p1.xsd http://www.w3.org/1998/Math/MathML http://www.w3.org/Math/XMLSchema/mathml2/mathml2.xsd" identifier="R-exams_689609216_section_7_item_1_cloze" title="Question" adaptive="false" timeDependent="false" xmlns="http://www.imsglobal.org/xsd/imsqti_v2p1" xmlns:xsi="http://www.w3.org/2001/XMLSchema-instance">
<responseDeclaration identifier="R-exams_689609216_section_7_item_1_cloze_RESPONSE_1832531" cardinality="single" baseType="float">
<correctResponse>
<value>4.44</value>
</correctResponse>
</responseDeclaration>
<responseDeclaration identifier="R-exams_689609216_section_7_item_1_cloze_RESPONSE_2759003" cardinality="single" baseType="float">
<correctResponse>
<value>19.74</value>
</correctResponse>
</responseDeclaration>
<responseDeclaration identifier="R-exams_689609216_section_7_item_1_cloze_RESPONSE_9121650" cardinality="single" baseType="float">
<correctResponse>
<value>1.56</value>
</correctResponse>
</responseDeclaration>
<responseDeclaration identifier="R-exams_689609216_section_7_item_1_cloze_RESPONSE_4085874" cardinality="single" baseType="float">
<correctResponse>
<value>74.26</value>
</correctResponse>
</responseDeclaration>
<responseDeclaration identifier="R-exams_689609216_section_7_item_1_cloze_RESPONSE_3249354" cardinality="single" baseType="float">
<correctResponse>
<value>24.18</value>
</correctResponse>
</responseDeclaration>
<responseDeclaration identifier="R-exams_689609216_section_7_item_1_cloze_RESPONSE_6569758" cardinality="single" baseType="float">
<correctResponse>
<value>75.82</value>
</correctResponse>
</responseDeclaration>
<responseDeclaration identifier="R-exams_689609216_section_7_item_1_cloze_RESPONSE_1472137" cardinality="single" baseType="float">
<correctResponse>
<value>6</value>
</correctResponse>
</responseDeclaration>
<responseDeclaration identifier="R-exams_689609216_section_7_item_1_cloze_RESPONSE_1634508" cardinality="single" baseType="float">
<correctResponse>
<value>94</value>
</correctResponse>
</responseDeclaration>
<responseDeclaration identifier="R-exams_689609216_section_7_item_1_cloze_RESPONSE_7554379" cardinality="single" baseType="float">
<correctResponse>
<value>100</value>
</correctResponse>
</responseDeclaration>
<outcomeDeclaration identifier="SCORE" cardinality="single" baseType="float" normalMaximum="9" normalMinimum="0">
<defaultValue>
<value>0.0</value>
</defaultValue>
</outcomeDeclaration>
<outcomeDeclaration identifier="MAXSCORE" cardinality="single" baseType="float">
<defaultValue>
<value>9</value>
</defaultValue>
</outcomeDeclaration>
<outcomeDeclaration identifier="FEEDBACKBASIC" cardinality="single" baseType="identifier" view="testConstructor">
<defaultValue>
<value>empty</value>
</defaultValue>
</outcomeDeclaration>
<outcomeDeclaration identifier="FEEDBACKMODAL" cardinality="multiple" baseType="identifier" view="testConstructor"/>
<outcomeDeclaration identifier="MINSCORE" cardinality="single" baseType="float">
<defaultValue>
<value baseType="float">0</value>
</defaultValue>
</outcomeDeclaration>
<itemBody>
<p>An industry-leading company seeks a qualified candidate for a management position. A management consultancy carries out an assessment center which concludes in making a positive or negative recommendation for each candidate: From previous assessments they know that of those candidates that are actually eligible for the position (event <span class="math">E</span>) <span class="math">74\%</span> get a positive recommendation (event <span class="math">R</span>). However, out of those candidates that are not eligible <span class="math">79\%</span> get a negative recommendation. Overall, they know that only <span class="math">6\%</span> of all job applicants are actually eligible.</p>
<p>What is the corresponding fourfold table of the joint probabilities? (Specify all entries in percent.)</p>
<table class="b_gray">
<thead>
<tr class="header">
<th style="text-align: center;"></th>
<th style="text-align: center;"> <span class="math">R</span> </th>
<th style="text-align: center;"> <span class="math">\overline{R}</span> </th>
<th style="text-align: center;">sum</th>
</tr>
</thead>
<tbody>
<tr class="odd">
<td style="text-align: center;"> <span class="math">E</span> </td>
<td style="text-align: center;">  
<textEntryInteraction responseIdentifier="R-exams_689609216_section_7_item_1_cloze_RESPONSE_1832531"/>% </td>
<td style="text-align: center;">  
<textEntryInteraction responseIdentifier="R-exams_689609216_section_7_item_1_cloze_RESPONSE_9121650"/>% </td>
<td style="text-align: center;">  
<textEntryInteraction responseIdentifier="R-exams_689609216_section_7_item_1_cloze_RESPONSE_1472137"/>% </td>
</tr>
<tr class="even">
<td style="text-align: center;"> <span class="math">\overline{E}</span> </td>
<td style="text-align: center;">  
<textEntryInteraction responseIdentifier="R-exams_689609216_section_7_item_1_cloze_RESPONSE_2759003"/>% </td>
<td style="text-align: center;">  
<textEntryInteraction responseIdentifier="R-exams_689609216_section_7_item_1_cloze_RESPONSE_4085874"/>% </td>
<td style="text-align: center;">  
<textEntryInteraction responseIdentifier="R-exams_689609216_section_7_item_1_cloze_RESPONSE_1634508"/>% </td>
</tr>
<tr class="odd">
<td style="text-align: center;">sum</td>
<td style="text-align: center;">  
<textEntryInteraction responseIdentifier="R-exams_689609216_section_7_item_1_cloze_RESPONSE_3249354"/>% </td>
<td style="text-align: center;">  
<textEntryInteraction responseIdentifier="R-exams_689609216_section_7_item_1_cloze_RESPONSE_6569758"/>% </td>
<td style="text-align: center;">  
<textEntryInteraction responseIdentifier="R-exams_689609216_section_7_item_1_cloze_RESPONSE_7554379"/>% </td>
</tr>
</tbody>
</table>
</itemBody>
<responseProcessing>
<responseCondition>
<responseIf>
<and>
<isNull>
<variable identifier="R-exams_689609216_section_7_item_1_cloze_RESPONSE_1832531"/>
</isNull>
<isNull>
<variable identifier="R-exams_689609216_section_7_item_1_cloze_RESPONSE_2759003"/>
</isNull>
<isNull>
<variable identifier="R-exams_689609216_section_7_item_1_cloze_RESPONSE_9121650"/>
</isNull>
<isNull>
<variable identifier="R-exams_689609216_section_7_item_1_cloze_RESPONSE_4085874"/>
</isNull>
<isNull>
<variable identifier="R-exams_689609216_section_7_item_1_cloze_RESPONSE_3249354"/>
</isNull>
<isNull>
<variable identifier="R-exams_689609216_section_7_item_1_cloze_RESPONSE_6569758"/>
</isNull>
<isNull>
<variable identifier="R-exams_689609216_section_7_item_1_cloze_RESPONSE_1472137"/>
</isNull>
<isNull>
<variable identifier="R-exams_689609216_section_7_item_1_cloze_RESPONSE_1634508"/>
</isNull>
<isNull>
<variable identifier="R-exams_689609216_section_7_item_1_cloze_RESPONSE_7554379"/>
</isNull>
</and>
<setOutcomeValue identifier="FEEDBACKBASIC">
<baseValue baseType="identifier">empty</baseValue>
</setOutcomeValue>
</responseIf>
<responseElse>
<setOutcomeValue identifier="FEEDBACKBASIC">
<baseValue baseType="identifier">correct</baseValue>
</setOutcomeValue>
</responseElse>
</responseCondition>
<responseCondition>
<responseIf>
<isNull>
<variable identifier="R-exams_689609216_section_7_item_1_cloze_RESPONSE_1832531"/>
</isNull>
<setOutcomeValue identifier="SCORE">
<sum>
<variable identifier="SCORE"/>
<baseValue baseType="float">0.0</baseValue>
</sum>
</setOutcomeValue>
</responseIf>
</responseCondition>
<responseCondition>
<responseIf>
<isNull>
<variable identifier="R-exams_689609216_section_7_item_1_cloze_RESPONSE_2759003"/>
</isNull>
<setOutcomeValue identifier="SCORE">
<sum>
<variable identifier="SCORE"/>
<baseValue baseType="float">0.0</baseValue>
</sum>
</setOutcomeValue>
</responseIf>
</responseCondition>
<responseCondition>
<responseIf>
<isNull>
<variable identifier="R-exams_689609216_section_7_item_1_cloze_RESPONSE_9121650"/>
</isNull>
<setOutcomeValue identifier="SCORE">
<sum>
<variable identifier="SCORE"/>
<baseValue baseType="float">0.0</baseValue>
</sum>
</setOutcomeValue>
</responseIf>
</responseCondition>
<responseCondition>
<responseIf>
<isNull>
<variable identifier="R-exams_689609216_section_7_item_1_cloze_RESPONSE_4085874"/>
</isNull>
<setOutcomeValue identifier="SCORE">
<sum>
<variable identifier="SCORE"/>
<baseValue baseType="float">0.0</baseValue>
</sum>
</setOutcomeValue>
</responseIf>
</responseCondition>
<responseCondition>
<responseIf>
<isNull>
<variable identifier="R-exams_689609216_section_7_item_1_cloze_RESPONSE_3249354"/>
</isNull>
<setOutcomeValue identifier="SCORE">
<sum>
<variable identifier="SCORE"/>
<baseValue baseType="float">0.0</baseValue>
</sum>
</setOutcomeValue>
</responseIf>
</responseCondition>
<responseCondition>
<responseIf>
<isNull>
<variable identifier="R-exams_689609216_section_7_item_1_cloze_RESPONSE_6569758"/>
</isNull>
<setOutcomeValue identifier="SCORE">
<sum>
<variable identifier="SCORE"/>
<baseValue baseType="float">0.0</baseValue>
</sum>
</setOutcomeValue>
</responseIf>
</responseCondition>
<responseCondition>
<responseIf>
<isNull>
<variable identifier="R-exams_689609216_section_7_item_1_cloze_RESPONSE_1472137"/>
</isNull>
<setOutcomeValue identifier="SCORE">
<sum>
<variable identifier="SCORE"/>
<baseValue baseType="float">0.0</baseValue>
</sum>
</setOutcomeValue>
</responseIf>
</responseCondition>
<responseCondition>
<responseIf>
<isNull>
<variable identifier="R-exams_689609216_section_7_item_1_cloze_RESPONSE_1634508"/>
</isNull>
<setOutcomeValue identifier="SCORE">
<sum>
<variable identifier="SCORE"/>
<baseValue baseType="float">0.0</baseValue>
</sum>
</setOutcomeValue>
</responseIf>
</responseCondition>
<responseCondition>
<responseIf>
<isNull>
<variable identifier="R-exams_689609216_section_7_item_1_cloze_RESPONSE_7554379"/>
</isNull>
<setOutcomeValue identifier="SCORE">
<sum>
<variable identifier="SCORE"/>
<baseValue baseType="float">0.0</baseValue>
</sum>
</setOutcomeValue>
</responseIf>
</responseCondition>
<responseCondition>
<responseIf>
<and>
<match>
<variable identifier="FEEDBACKBASIC"/>
<baseValue baseType="identifier">correct</baseValue>
</match>
<equal toleranceMode="absolute" tolerance="0.05 0.05" includeLowerBound="true" includeUpperBound="true">
<variable identifier="R-exams_689609216_section_7_item_1_cloze_RESPONSE_1832531"/>
<correct identifier="R-exams_689609216_section_7_item_1_cloze_RESPONSE_1832531"/>
</equal>
</and>
<setOutcomeValue identifier="SCORE">
<sum>
<variable identifier="SCORE"/>
<baseValue baseType="float">1</baseValue>
</sum>
</setOutcomeValue>
</responseIf>
<responseElseIf>
<match>
<variable identifier="FEEDBACKBASIC"/>
<baseValue baseType="identifier">correct</baseValue>
</match>
<setOutcomeValue identifier="SCORE">
<sum>
<variable identifier="SCORE"/>
<baseValue baseType="float">0</baseValue>
</sum>
</setOutcomeValue>
</responseElseIf>
<responseElse>
<setOutcomeValue identifier="FEEDBACKBASIC">
<baseValue baseType="identifier">incorrect</baseValue>
</setOutcomeValue>
</responseElse>
</responseCondition>
<responseCondition>
<responseIf>
<and>
<match>
<variable identifier="FEEDBACKBASIC"/>
<baseValue baseType="identifier">correct</baseValue>
</match>
<equal toleranceMode="absolute" tolerance="0.05 0.05" includeLowerBound="true" includeUpperBound="true">
<variable identifier="R-exams_689609216_section_7_item_1_cloze_RESPONSE_2759003"/>
<correct identifier="R-exams_689609216_section_7_item_1_cloze_RESPONSE_2759003"/>
</equal>
</and>
<setOutcomeValue identifier="SCORE">
<sum>
<variable identifier="SCORE"/>
<baseValue baseType="float">1</baseValue>
</sum>
</setOutcomeValue>
</responseIf>
<responseElseIf>
<match>
<variable identifier="FEEDBACKBASIC"/>
<baseValue baseType="identifier">correct</baseValue>
</match>
<setOutcomeValue identifier="SCORE">
<sum>
<variable identifier="SCORE"/>
<baseValue baseType="float">0</baseValue>
</sum>
</setOutcomeValue>
</responseElseIf>
<responseElse>
<setOutcomeValue identifier="FEEDBACKBASIC">
<baseValue baseType="identifier">incorrect</baseValue>
</setOutcomeValue>
</responseElse>
</responseCondition>
<responseCondition>
<responseIf>
<and>
<match>
<variable identifier="FEEDBACKBASIC"/>
<baseValue baseType="identifier">correct</baseValue>
</match>
<equal toleranceMode="absolute" tolerance="0.05 0.05" includeLowerBound="true" includeUpperBound="true">
<variable identifier="R-exams_689609216_section_7_item_1_cloze_RESPONSE_9121650"/>
<correct identifier="R-exams_689609216_section_7_item_1_cloze_RESPONSE_9121650"/>
</equal>
</and>
<setOutcomeValue identifier="SCORE">
<sum>
<variable identifier="SCORE"/>
<baseValue baseType="float">1</baseValue>
</sum>
</setOutcomeValue>
</responseIf>
<responseElseIf>
<match>
<variable identifier="FEEDBACKBASIC"/>
<baseValue baseType="identifier">correct</baseValue>
</match>
<setOutcomeValue identifier="SCORE">
<sum>
<variable identifier="SCORE"/>
<baseValue baseType="float">0</baseValue>
</sum>
</setOutcomeValue>
</responseElseIf>
<responseElse>
<setOutcomeValue identifier="FEEDBACKBASIC">
<baseValue baseType="identifier">incorrect</baseValue>
</setOutcomeValue>
</responseElse>
</responseCondition>
<responseCondition>
<responseIf>
<and>
<match>
<variable identifier="FEEDBACKBASIC"/>
<baseValue baseType="identifier">correct</baseValue>
</match>
<equal toleranceMode="absolute" tolerance="0.05 0.05" includeLowerBound="true" includeUpperBound="true">
<variable identifier="R-exams_689609216_section_7_item_1_cloze_RESPONSE_4085874"/>
<correct identifier="R-exams_689609216_section_7_item_1_cloze_RESPONSE_4085874"/>
</equal>
</and>
<setOutcomeValue identifier="SCORE">
<sum>
<variable identifier="SCORE"/>
<baseValue baseType="float">1</baseValue>
</sum>
</setOutcomeValue>
</responseIf>
<responseElseIf>
<match>
<variable identifier="FEEDBACKBASIC"/>
<baseValue baseType="identifier">correct</baseValue>
</match>
<setOutcomeValue identifier="SCORE">
<sum>
<variable identifier="SCORE"/>
<baseValue baseType="float">0</baseValue>
</sum>
</setOutcomeValue>
</responseElseIf>
<responseElse>
<setOutcomeValue identifier="FEEDBACKBASIC">
<baseValue baseType="identifier">incorrect</baseValue>
</setOutcomeValue>
</responseElse>
</responseCondition>
<responseCondition>
<responseIf>
<and>
<match>
<variable identifier="FEEDBACKBASIC"/>
<baseValue baseType="identifier">correct</baseValue>
</match>
<equal toleranceMode="absolute" tolerance="0.05 0.05" includeLowerBound="true" includeUpperBound="true">
<variable identifier="R-exams_689609216_section_7_item_1_cloze_RESPONSE_3249354"/>
<correct identifier="R-exams_689609216_section_7_item_1_cloze_RESPONSE_3249354"/>
</equal>
</and>
<setOutcomeValue identifier="SCORE">
<sum>
<variable identifier="SCORE"/>
<baseValue baseType="float">1</baseValue>
</sum>
</setOutcomeValue>
</responseIf>
<responseElseIf>
<match>
<variable identifier="FEEDBACKBASIC"/>
<baseValue baseType="identifier">correct</baseValue>
</match>
<setOutcomeValue identifier="SCORE">
<sum>
<variable identifier="SCORE"/>
<baseValue baseType="float">0</baseValue>
</sum>
</setOutcomeValue>
</responseElseIf>
<responseElse>
<setOutcomeValue identifier="FEEDBACKBASIC">
<baseValue baseType="identifier">incorrect</baseValue>
</setOutcomeValue>
</responseElse>
</responseCondition>
<responseCondition>
<responseIf>
<and>
<match>
<variable identifier="FEEDBACKBASIC"/>
<baseValue baseType="identifier">correct</baseValue>
</match>
<equal toleranceMode="absolute" tolerance="0.05 0.05" includeLowerBound="true" includeUpperBound="true">
<variable identifier="R-exams_689609216_section_7_item_1_cloze_RESPONSE_6569758"/>
<correct identifier="R-exams_689609216_section_7_item_1_cloze_RESPONSE_6569758"/>
</equal>
</and>
<setOutcomeValue identifier="SCORE">
<sum>
<variable identifier="SCORE"/>
<baseValue baseType="float">1</baseValue>
</sum>
</setOutcomeValue>
</responseIf>
<responseElseIf>
<match>
<variable identifier="FEEDBACKBASIC"/>
<baseValue baseType="identifier">correct</baseValue>
</match>
<setOutcomeValue identifier="SCORE">
<sum>
<variable identifier="SCORE"/>
<baseValue baseType="float">0</baseValue>
</sum>
</setOutcomeValue>
</responseElseIf>
<responseElse>
<setOutcomeValue identifier="FEEDBACKBASIC">
<baseValue baseType="identifier">incorrect</baseValue>
</setOutcomeValue>
</responseElse>
</responseCondition>
<responseCondition>
<responseIf>
<and>
<match>
<variable identifier="FEEDBACKBASIC"/>
<baseValue baseType="identifier">correct</baseValue>
</match>
<equal toleranceMode="absolute" tolerance="0.05 0.05" includeLowerBound="true" includeUpperBound="true">
<variable identifier="R-exams_689609216_section_7_item_1_cloze_RESPONSE_1472137"/>
<correct identifier="R-exams_689609216_section_7_item_1_cloze_RESPONSE_1472137"/>
</equal>
</and>
<setOutcomeValue identifier="SCORE">
<sum>
<variable identifier="SCORE"/>
<baseValue baseType="float">1</baseValue>
</sum>
</setOutcomeValue>
</responseIf>
<responseElseIf>
<match>
<variable identifier="FEEDBACKBASIC"/>
<baseValue baseType="identifier">correct</baseValue>
</match>
<setOutcomeValue identifier="SCORE">
<sum>
<variable identifier="SCORE"/>
<baseValue baseType="float">0</baseValue>
</sum>
</setOutcomeValue>
</responseElseIf>
<responseElse>
<setOutcomeValue identifier="FEEDBACKBASIC">
<baseValue baseType="identifier">incorrect</baseValue>
</setOutcomeValue>
</responseElse>
</responseCondition>
<responseCondition>
<responseIf>
<and>
<match>
<variable identifier="FEEDBACKBASIC"/>
<baseValue baseType="identifier">correct</baseValue>
</match>
<equal toleranceMode="absolute" tolerance="0.05 0.05" includeLowerBound="true" includeUpperBound="true">
<variable identifier="R-exams_689609216_section_7_item_1_cloze_RESPONSE_1634508"/>
<correct identifier="R-exams_689609216_section_7_item_1_cloze_RESPONSE_1634508"/>
</equal>
</and>
<setOutcomeValue identifier="SCORE">
<sum>
<variable identifier="SCORE"/>
<baseValue baseType="float">1</baseValue>
</sum>
</setOutcomeValue>
</responseIf>
<responseElseIf>
<match>
<variable identifier="FEEDBACKBASIC"/>
<baseValue baseType="identifier">correct</baseValue>
</match>
<setOutcomeValue identifier="SCORE">
<sum>
<variable identifier="SCORE"/>
<baseValue baseType="float">0</baseValue>
</sum>
</setOutcomeValue>
</responseElseIf>
<responseElse>
<setOutcomeValue identifier="FEEDBACKBASIC">
<baseValue baseType="identifier">incorrect</baseValue>
</setOutcomeValue>
</responseElse>
</responseCondition>
<responseCondition>
<responseIf>
<and>
<match>
<variable identifier="FEEDBACKBASIC"/>
<baseValue baseType="identifier">correct</baseValue>
</match>
<equal toleranceMode="absolute" tolerance="0.05 0.05" includeLowerBound="true" includeUpperBound="true">
<variable identifier="R-exams_689609216_section_7_item_1_cloze_RESPONSE_7554379"/>
<correct identifier="R-exams_689609216_section_7_item_1_cloze_RESPONSE_7554379"/>
</equal>
</and>
<setOutcomeValue identifier="SCORE">
<sum>
<variable identifier="SCORE"/>
<baseValue baseType="float">1</baseValue>
</sum>
</setOutcomeValue>
</responseIf>
<responseElseIf>
<match>
<variable identifier="FEEDBACKBASIC"/>
<baseValue baseType="identifier">correct</baseValue>
</match>
<setOutcomeValue identifier="SCORE">
<sum>
<variable identifier="SCORE"/>
<baseValue baseType="float">0</baseValue>
</sum>
</setOutcomeValue>
</responseElseIf>
<responseElse>
<setOutcomeValue identifier="FEEDBACKBASIC">
<baseValue baseType="identifier">incorrect</baseValue>
</setOutcomeValue>
</responseElse>
</responseCondition>
<responseCondition>
<responseIf>
<equal toleranceMode="absolute" tolerance="0.05 0.05" includeLowerBound="true" includeUpperBound="true">
<variable identifier="R-exams_689609216_section_7_item_1_cloze_RESPONSE_7554379"/>
<correct identifier="R-exams_689609216_section_7_item_1_cloze_RESPONSE_7554379"/>
</equal>
<setOutcomeValue identifier="FEEDBACKBASIC">
<baseValue baseType="identifier">correct</baseValue>
</setOutcomeValue>
</responseIf>
<responseElse>
<setOutcomeValue identifier="FEEDBACKBASIC">
<baseValue baseType="identifier">incorrect</baseValue>
</setOutcomeValue>
</responseElse>
</responseCondition>
<responseCondition>
<responseIf>
<and>
<match>
<baseValue baseType="identifier">incorrect</baseValue>
<variable identifier="FEEDBACKBASIC"/>
</match>
</and>
<setOutcomeValue identifier="FEEDBACKMODAL">
<multiple>
<variable identifier="FEEDBACKMODAL"/>
<baseValue baseType="identifier">Feedback464543277</baseValue>
</multiple>
</setOutcomeValue>
</responseIf>
</responseCondition>
</responseProcessing>
<modalFeedback identifier="Feedback464543277" outcomeIdentifier="FEEDBACKMODAL" showHide="show">
<p>Using the information from the text, we can directly calculate the following joint probabilities: </p><div class="math">\begin{aligned}
  P(E \cap R) &amp; = &amp;
    P(R | E) \cdot P(E) = 0.74 \cdot 0.06 = 0.0444 = 4.44\%\\
  P(\overline{E} \cap \overline{R}) &amp; = &amp;
    P(\overline{R} | \overline{E}) \cdot P(\overline{E}) = 0.79 \cdot 0.94 = 0.7426 = 74.26\%.\end{aligned}</div><p> The remaining probabilities can then be found by calculating sums and differences in the fourfold table:</p>
<table class="b_gray">
<thead>
<tr class="header">
<th style="text-align: center;"></th>
<th style="text-align: center;"> <span class="math">R</span> </th>
<th style="text-align: center;"> <span class="math">\overline{R}</span> </th>
<th style="text-align: center;">sum</th>
</tr>
</thead>
<tbody>
<tr class="odd">
<td style="text-align: center;"> <span class="math">E</span> </td>
<td style="text-align: center;"> <span><strong>4.44</strong></span> </td>
<td style="text-align: center;"> <span><em>1.56</em></span> </td>
<td style="text-align: center;"> <span><strong>6.00</strong></span> </td>
</tr>
<tr class="even">
<td style="text-align: center;"> <span class="math">\overline{E}</span> </td>
<td style="text-align: center;"> <span><em>19.74</em></span> </td>
<td style="text-align: center;"> <span><strong>74.26</strong></span> </td>
<td style="text-align: center;"> <span><em>94.00</em></span> </td>
</tr>
<tr class="odd">
<td style="text-align: center;">sum</td>
<td style="text-align: center;"> <span><em>24.18</em></span> </td>
<td style="text-align: center;"> <span><em>75.82</em></span> </td>
<td style="text-align: center;"> <span><strong>100.00</strong></span> </td>
</tr>
</tbody>
</table>
<br />
<ol type = "a">
<li>  <br /> <span class="math">P(E \cap R) =   4.44\%</span> </li>
<li>  <br /> <span class="math">P(\overline{E} \cap R) =  19.74\%</span> </li>
<li>  <br /> <span class="math">P(E \cap \overline{R}) =   1.56\%</span> </li>
<li>  <br /> <span class="math">P(\overline{E} \cap \overline{R}) =  74.26\%</span> </li>
<li>  <br /> <span class="math">P(R) =  24.18\%</span> </li>
<li>  <br /> <span class="math">P(\overline{R}) =  75.82\%</span> </li>
<li>  <br /> <span class="math">P(E) =   6.00\%</span> </li>
<li>  <br /> <span class="math">P(\overline{E}) =  94.00\%</span> </li>
<li>  <br /> <span class="math">P(\Omega) = 100.00\%</span> </li>
</ol>
</modalFeedback>
</assessmentItem>
