<?xml version="1.0" encoding="UTF-8"?>
<assessmentItem xsi:schemaLocation="http://www.imsglobal.org/xsd/imsqti_v2p1 http://www.imsglobal.org/xsd/qti/qtiv2p1/imsqti_v2p1p1.xsd http://www.w3.org/1998/Math/MathML http://www.w3.org/Math/XMLSchema/mathml2/mathml2.xsd" identifier="R-exams_689609216_section_2_item_2_num" title="Question" adaptive="false" timeDependent="false" xmlns="http://www.imsglobal.org/xsd/imsqti_v2p1" xmlns:xsi="http://www.w3.org/2001/XMLSchema-instance">
<responseDeclaration identifier="R-exams_689609216_section_2_item_2_num_RESPONSE_4742180" cardinality="single" baseType="float">
<correctResponse>
<value>2</value>
</correctResponse>
</responseDeclaration>
<outcomeDeclaration identifier="SCORE" cardinality="single" baseType="float" normalMaximum="1" normalMinimum="0">
<defaultValue>
<value>0.0</value>
</defaultValue>
</outcomeDeclaration>
<outcomeDeclaration identifier="MAXSCORE" cardinality="single" baseType="float">
<defaultValue>
<value>1</value>
</defaultValue>
</outcomeDeclaration>
<outcomeDeclaration identifier="FEEDBACKBASIC" cardinality="single" baseType="identifier" view="testConstructor">
<defaultValue>
<value>empty</value>
</defaultValue>
</outcomeDeclaration>
<outcomeDeclaration identifier="FEEDBACKMODAL" cardinality="multiple" baseType="identifier" view="testConstructor"/>
<outcomeDeclaration identifier="MINSCORE" cardinality="single" baseType="float">
<defaultValue>
<value baseType="float">0</value>
</defaultValue>
</outcomeDeclaration>
<itemBody>
<p>What is the derivative of <span class="math">f(x) = x^{5} e^{2.6x}</span>, evaluated at <span class="math">x = 0.53</span>?</p>
<p>
<textEntryInteraction responseIdentifier="R-exams_689609216_section_2_item_2_num_RESPONSE_4742180"/>
</p>
</itemBody>
<responseProcessing>
<responseCondition>
<responseIf>
<isNull>
<variable identifier="R-exams_689609216_section_2_item_2_num_RESPONSE_4742180"/>
</isNull>
<setOutcomeValue identifier="FEEDBACKBASIC">
<baseValue baseType="identifier">empty</baseValue>
</setOutcomeValue>
</responseIf>
<responseElse>
<setOutcomeValue identifier="FEEDBACKBASIC">
<baseValue baseType="identifier">correct</baseValue>
</setOutcomeValue>
</responseElse>
</responseCondition>
<responseCondition>
<responseIf>
<isNull>
<variable identifier="R-exams_689609216_section_2_item_2_num_RESPONSE_4742180"/>
</isNull>
<setOutcomeValue identifier="SCORE">
<sum>
<variable identifier="SCORE"/>
<baseValue baseType="float">0.0</baseValue>
</sum>
</setOutcomeValue>
</responseIf>
</responseCondition>
<responseCondition>
<responseIf>
<and>
<match>
<variable identifier="FEEDBACKBASIC"/>
<baseValue baseType="identifier">correct</baseValue>
</match>
<equal toleranceMode="absolute" tolerance="0.01 0.01" includeLowerBound="true" includeUpperBound="true">
<variable identifier="R-exams_689609216_section_2_item_2_num_RESPONSE_4742180"/>
<correct identifier="R-exams_689609216_section_2_item_2_num_RESPONSE_4742180"/>
</equal>
</and>
<setOutcomeValue identifier="SCORE">
<sum>
<variable identifier="SCORE"/>
<baseValue baseType="float">1</baseValue>
</sum>
</setOutcomeValue>
</responseIf>
</responseCondition>
<responseCondition>
<responseIf>
<equal toleranceMode="absolute" tolerance="0.01 0.01" includeLowerBound="true" includeUpperBound="true">
<variable identifier="R-exams_689609216_section_2_item_2_num_RESPONSE_4742180"/>
<correct identifier="R-exams_689609216_section_2_item_2_num_RESPONSE_4742180"/>
</equal>
<setOutcomeValue identifier="FEEDBACKBASIC">
<baseValue baseType="identifier">correct</baseValue>
</setOutcomeValue>
</responseIf>
<responseElse>
<setOutcomeValue identifier="FEEDBACKBASIC">
<baseValue baseType="identifier">incorrect</baseValue>
</setOutcomeValue>
<setOutcomeValue identifier="SCORE">
<baseValue baseType="float">0</baseValue>
</setOutcomeValue>
</responseElse>
</responseCondition>
<responseCondition>
<responseIf>
<and>
<match>
<baseValue baseType="identifier">incorrect</baseValue>
<variable identifier="FEEDBACKBASIC"/>
</match>
</and>
<setOutcomeValue identifier="FEEDBACKMODAL">
<multiple>
<variable identifier="FEEDBACKMODAL"/>
<baseValue baseType="identifier">Feedback599449659</baseValue>
</multiple>
</setOutcomeValue>
</responseIf>
</responseCondition>
</responseProcessing>
<modalFeedback identifier="Feedback599449659" outcomeIdentifier="FEEDBACKMODAL" showHide="show">
<p>Using the product rule for <span class="math">f(x) = g(x) \cdot h(x)</span>, where <span class="math">g(x) := x^{5}</span> and <span class="math">h(x) := e^{2.6x}</span>, we obtain </p><div class="math">\begin{aligned}
f&#39;(x) &amp; = &amp; [g(x) \cdot h(x)]&#39; = g&#39;(x) \cdot h(x) + g(x) \cdot h&#39;(x) \\
      &amp; = &amp; 5 x^{5 - 1} \cdot e^{2.6x} + x^{5} \cdot e^{2.6x} \cdot 2.6 \\
      &amp; = &amp; e^{2.6x} \cdot(5 x^4 + 2.6 x^{5}) \\
      &amp; = &amp; e^{2.6x} \cdot x^4 \cdot (5 + 2.6x).\end{aligned}</div><p> Evaluated at <span class="math">x = 0.53</span>, the answer is </p><div class="math">e^{2.6\cdot 0.53} \cdot 0.53^4 \cdot (5 + 2.6\cdot 0.53) = 1.996392.</div><p> Thus, rounded to two digits we have <span class="math">f&#39;(0.53) = 2.00</span>.</p>
</modalFeedback>
</assessmentItem>
