<?xml version="1.0" encoding="UTF-8"?>
<assessmentItem xsi:schemaLocation="http://www.imsglobal.org/xsd/imsqti_v2p1 http://www.imsglobal.org/xsd/qti/qtiv2p1/imsqti_v2p1p1.xsd http://www.w3.org/1998/Math/MathML http://www.w3.org/Math/XMLSchema/mathml2/mathml2.xsd" identifier="R-exams_689609216_section_2_item_3_num" title="Question" adaptive="false" timeDependent="false" xmlns="http://www.imsglobal.org/xsd/imsqti_v2p1" xmlns:xsi="http://www.w3.org/2001/XMLSchema-instance">
<responseDeclaration identifier="R-exams_689609216_section_2_item_3_num_RESPONSE_6844571" cardinality="single" baseType="float">
<correctResponse>
<value>2.05</value>
</correctResponse>
</responseDeclaration>
<outcomeDeclaration identifier="SCORE" cardinality="single" baseType="float" normalMaximum="1" normalMinimum="0">
<defaultValue>
<value>0.0</value>
</defaultValue>
</outcomeDeclaration>
<outcomeDeclaration identifier="MAXSCORE" cardinality="single" baseType="float">
<defaultValue>
<value>1</value>
</defaultValue>
</outcomeDeclaration>
<outcomeDeclaration identifier="FEEDBACKBASIC" cardinality="single" baseType="identifier" view="testConstructor">
<defaultValue>
<value>empty</value>
</defaultValue>
</outcomeDeclaration>
<outcomeDeclaration identifier="FEEDBACKMODAL" cardinality="multiple" baseType="identifier" view="testConstructor"/>
<outcomeDeclaration identifier="MINSCORE" cardinality="single" baseType="float">
<defaultValue>
<value baseType="float">0</value>
</defaultValue>
</outcomeDeclaration>
<itemBody>
<p>What is the derivative of <span class="math">f(x) = x^{7} e^{2x}</span>, evaluated at <span class="math">x = 0.64</span>?</p>
<p>
<textEntryInteraction responseIdentifier="R-exams_689609216_section_2_item_3_num_RESPONSE_6844571"/>
</p>
</itemBody>
<responseProcessing>
<responseCondition>
<responseIf>
<isNull>
<variable identifier="R-exams_689609216_section_2_item_3_num_RESPONSE_6844571"/>
</isNull>
<setOutcomeValue identifier="FEEDBACKBASIC">
<baseValue baseType="identifier">empty</baseValue>
</setOutcomeValue>
</responseIf>
<responseElse>
<setOutcomeValue identifier="FEEDBACKBASIC">
<baseValue baseType="identifier">correct</baseValue>
</setOutcomeValue>
</responseElse>
</responseCondition>
<responseCondition>
<responseIf>
<isNull>
<variable identifier="R-exams_689609216_section_2_item_3_num_RESPONSE_6844571"/>
</isNull>
<setOutcomeValue identifier="SCORE">
<sum>
<variable identifier="SCORE"/>
<baseValue baseType="float">0.0</baseValue>
</sum>
</setOutcomeValue>
</responseIf>
</responseCondition>
<responseCondition>
<responseIf>
<and>
<match>
<variable identifier="FEEDBACKBASIC"/>
<baseValue baseType="identifier">correct</baseValue>
</match>
<equal toleranceMode="absolute" tolerance="0.01 0.01" includeLowerBound="true" includeUpperBound="true">
<variable identifier="R-exams_689609216_section_2_item_3_num_RESPONSE_6844571"/>
<correct identifier="R-exams_689609216_section_2_item_3_num_RESPONSE_6844571"/>
</equal>
</and>
<setOutcomeValue identifier="SCORE">
<sum>
<variable identifier="SCORE"/>
<baseValue baseType="float">1</baseValue>
</sum>
</setOutcomeValue>
</responseIf>
</responseCondition>
<responseCondition>
<responseIf>
<equal toleranceMode="absolute" tolerance="0.01 0.01" includeLowerBound="true" includeUpperBound="true">
<variable identifier="R-exams_689609216_section_2_item_3_num_RESPONSE_6844571"/>
<correct identifier="R-exams_689609216_section_2_item_3_num_RESPONSE_6844571"/>
</equal>
<setOutcomeValue identifier="FEEDBACKBASIC">
<baseValue baseType="identifier">correct</baseValue>
</setOutcomeValue>
</responseIf>
<responseElse>
<setOutcomeValue identifier="FEEDBACKBASIC">
<baseValue baseType="identifier">incorrect</baseValue>
</setOutcomeValue>
<setOutcomeValue identifier="SCORE">
<baseValue baseType="float">0</baseValue>
</setOutcomeValue>
</responseElse>
</responseCondition>
<responseCondition>
<responseIf>
<and>
<match>
<baseValue baseType="identifier">incorrect</baseValue>
<variable identifier="FEEDBACKBASIC"/>
</match>
</and>
<setOutcomeValue identifier="FEEDBACKMODAL">
<multiple>
<variable identifier="FEEDBACKMODAL"/>
<baseValue baseType="identifier">Feedback418075234</baseValue>
</multiple>
</setOutcomeValue>
</responseIf>
</responseCondition>
</responseProcessing>
<modalFeedback identifier="Feedback418075234" outcomeIdentifier="FEEDBACKMODAL" showHide="show">
<p>Using the product rule for <span class="math">f(x) = g(x) \cdot h(x)</span>, where <span class="math">g(x) := x^{7}</span> and <span class="math">h(x) := e^{2x}</span>, we obtain </p><div class="math">\begin{aligned}
f&#39;(x) &amp; = &amp; [g(x) \cdot h(x)]&#39; = g&#39;(x) \cdot h(x) + g(x) \cdot h&#39;(x) \\
      &amp; = &amp; 7 x^{7 - 1} \cdot e^{2x} + x^{7} \cdot e^{2x} \cdot 2 \\
      &amp; = &amp; e^{2x} \cdot(7 x^6 + 2 x^{7}) \\
      &amp; = &amp; e^{2x} \cdot x^6 \cdot (7 + 2x).\end{aligned}</div><p> Evaluated at <span class="math">x = 0.64</span>, the answer is </p><div class="math">e^{2\cdot 0.64} \cdot 0.64^6 \cdot (7 + 2\cdot 0.64) = 2.046478.</div><p> Thus, rounded to two digits we have <span class="math">f&#39;(0.64) = 2.05</span>.</p>
</modalFeedback>
</assessmentItem>
