<?xml version="1.0" encoding="UTF-8"?>
<assessmentItem xsi:schemaLocation="http://www.imsglobal.org/xsd/imsqti_v2p1 http://www.imsglobal.org/xsd/qti/qtiv2p1/imsqti_v2p1p1.xsd http://www.w3.org/1998/Math/MathML http://www.w3.org/Math/XMLSchema/mathml2/mathml2.xsd" identifier="R-exams_689609216_section_7_item_2_cloze" title="Question" adaptive="false" timeDependent="false" xmlns="http://www.imsglobal.org/xsd/imsqti_v2p1" xmlns:xsi="http://www.w3.org/2001/XMLSchema-instance">
<responseDeclaration identifier="R-exams_689609216_section_7_item_2_cloze_RESPONSE_5317903" cardinality="single" baseType="float">
<correctResponse>
<value>5.76</value>
</correctResponse>
</responseDeclaration>
<responseDeclaration identifier="R-exams_689609216_section_7_item_2_cloze_RESPONSE_2027043" cardinality="single" baseType="float">
<correctResponse>
<value>23.92</value>
</correctResponse>
</responseDeclaration>
<responseDeclaration identifier="R-exams_689609216_section_7_item_2_cloze_RESPONSE_7949254" cardinality="single" baseType="float">
<correctResponse>
<value>2.24</value>
</correctResponse>
</responseDeclaration>
<responseDeclaration identifier="R-exams_689609216_section_7_item_2_cloze_RESPONSE_8621642" cardinality="single" baseType="float">
<correctResponse>
<value>68.08</value>
</correctResponse>
</responseDeclaration>
<responseDeclaration identifier="R-exams_689609216_section_7_item_2_cloze_RESPONSE_5007627" cardinality="single" baseType="float">
<correctResponse>
<value>29.68</value>
</correctResponse>
</responseDeclaration>
<responseDeclaration identifier="R-exams_689609216_section_7_item_2_cloze_RESPONSE_1802486" cardinality="single" baseType="float">
<correctResponse>
<value>70.32</value>
</correctResponse>
</responseDeclaration>
<responseDeclaration identifier="R-exams_689609216_section_7_item_2_cloze_RESPONSE_4275705" cardinality="single" baseType="float">
<correctResponse>
<value>8</value>
</correctResponse>
</responseDeclaration>
<responseDeclaration identifier="R-exams_689609216_section_7_item_2_cloze_RESPONSE_5384928" cardinality="single" baseType="float">
<correctResponse>
<value>92</value>
</correctResponse>
</responseDeclaration>
<responseDeclaration identifier="R-exams_689609216_section_7_item_2_cloze_RESPONSE_2450880" cardinality="single" baseType="float">
<correctResponse>
<value>100</value>
</correctResponse>
</responseDeclaration>
<outcomeDeclaration identifier="SCORE" cardinality="single" baseType="float" normalMaximum="9" normalMinimum="0">
<defaultValue>
<value>0.0</value>
</defaultValue>
</outcomeDeclaration>
<outcomeDeclaration identifier="MAXSCORE" cardinality="single" baseType="float">
<defaultValue>
<value>9</value>
</defaultValue>
</outcomeDeclaration>
<outcomeDeclaration identifier="FEEDBACKBASIC" cardinality="single" baseType="identifier" view="testConstructor">
<defaultValue>
<value>empty</value>
</defaultValue>
</outcomeDeclaration>
<outcomeDeclaration identifier="FEEDBACKMODAL" cardinality="multiple" baseType="identifier" view="testConstructor"/>
<outcomeDeclaration identifier="MINSCORE" cardinality="single" baseType="float">
<defaultValue>
<value baseType="float">0</value>
</defaultValue>
</outcomeDeclaration>
<itemBody>
<p>An industry-leading company seeks a qualified candidate for a management position. A management consultancy carries out an assessment center which concludes in making a positive or negative recommendation for each candidate: From previous assessments they know that of those candidates that are actually eligible for the position (event <span class="math">E</span>) <span class="math">72\%</span> get a positive recommendation (event <span class="math">R</span>). However, out of those candidates that are not eligible <span class="math">74\%</span> get a negative recommendation. Overall, they know that only <span class="math">8\%</span> of all job applicants are actually eligible.</p>
<p>What is the corresponding fourfold table of the joint probabilities? (Specify all entries in percent.)</p>
<table class="b_gray">
<thead>
<tr class="header">
<th style="text-align: center;"></th>
<th style="text-align: center;"> <span class="math">R</span> </th>
<th style="text-align: center;"> <span class="math">\overline{R}</span> </th>
<th style="text-align: center;">sum</th>
</tr>
</thead>
<tbody>
<tr class="odd">
<td style="text-align: center;"> <span class="math">E</span> </td>
<td style="text-align: center;">  
<textEntryInteraction responseIdentifier="R-exams_689609216_section_7_item_2_cloze_RESPONSE_5317903"/>% </td>
<td style="text-align: center;">  
<textEntryInteraction responseIdentifier="R-exams_689609216_section_7_item_2_cloze_RESPONSE_7949254"/>% </td>
<td style="text-align: center;">  
<textEntryInteraction responseIdentifier="R-exams_689609216_section_7_item_2_cloze_RESPONSE_4275705"/>% </td>
</tr>
<tr class="even">
<td style="text-align: center;"> <span class="math">\overline{E}</span> </td>
<td style="text-align: center;">  
<textEntryInteraction responseIdentifier="R-exams_689609216_section_7_item_2_cloze_RESPONSE_2027043"/>% </td>
<td style="text-align: center;">  
<textEntryInteraction responseIdentifier="R-exams_689609216_section_7_item_2_cloze_RESPONSE_8621642"/>% </td>
<td style="text-align: center;">  
<textEntryInteraction responseIdentifier="R-exams_689609216_section_7_item_2_cloze_RESPONSE_5384928"/>% </td>
</tr>
<tr class="odd">
<td style="text-align: center;">sum</td>
<td style="text-align: center;">  
<textEntryInteraction responseIdentifier="R-exams_689609216_section_7_item_2_cloze_RESPONSE_5007627"/>% </td>
<td style="text-align: center;">  
<textEntryInteraction responseIdentifier="R-exams_689609216_section_7_item_2_cloze_RESPONSE_1802486"/>% </td>
<td style="text-align: center;">  
<textEntryInteraction responseIdentifier="R-exams_689609216_section_7_item_2_cloze_RESPONSE_2450880"/>% </td>
</tr>
</tbody>
</table>
</itemBody>
<responseProcessing>
<responseCondition>
<responseIf>
<and>
<isNull>
<variable identifier="R-exams_689609216_section_7_item_2_cloze_RESPONSE_5317903"/>
</isNull>
<isNull>
<variable identifier="R-exams_689609216_section_7_item_2_cloze_RESPONSE_2027043"/>
</isNull>
<isNull>
<variable identifier="R-exams_689609216_section_7_item_2_cloze_RESPONSE_7949254"/>
</isNull>
<isNull>
<variable identifier="R-exams_689609216_section_7_item_2_cloze_RESPONSE_8621642"/>
</isNull>
<isNull>
<variable identifier="R-exams_689609216_section_7_item_2_cloze_RESPONSE_5007627"/>
</isNull>
<isNull>
<variable identifier="R-exams_689609216_section_7_item_2_cloze_RESPONSE_1802486"/>
</isNull>
<isNull>
<variable identifier="R-exams_689609216_section_7_item_2_cloze_RESPONSE_4275705"/>
</isNull>
<isNull>
<variable identifier="R-exams_689609216_section_7_item_2_cloze_RESPONSE_5384928"/>
</isNull>
<isNull>
<variable identifier="R-exams_689609216_section_7_item_2_cloze_RESPONSE_2450880"/>
</isNull>
</and>
<setOutcomeValue identifier="FEEDBACKBASIC">
<baseValue baseType="identifier">empty</baseValue>
</setOutcomeValue>
</responseIf>
<responseElse>
<setOutcomeValue identifier="FEEDBACKBASIC">
<baseValue baseType="identifier">correct</baseValue>
</setOutcomeValue>
</responseElse>
</responseCondition>
<responseCondition>
<responseIf>
<isNull>
<variable identifier="R-exams_689609216_section_7_item_2_cloze_RESPONSE_5317903"/>
</isNull>
<setOutcomeValue identifier="SCORE">
<sum>
<variable identifier="SCORE"/>
<baseValue baseType="float">0.0</baseValue>
</sum>
</setOutcomeValue>
</responseIf>
</responseCondition>
<responseCondition>
<responseIf>
<isNull>
<variable identifier="R-exams_689609216_section_7_item_2_cloze_RESPONSE_2027043"/>
</isNull>
<setOutcomeValue identifier="SCORE">
<sum>
<variable identifier="SCORE"/>
<baseValue baseType="float">0.0</baseValue>
</sum>
</setOutcomeValue>
</responseIf>
</responseCondition>
<responseCondition>
<responseIf>
<isNull>
<variable identifier="R-exams_689609216_section_7_item_2_cloze_RESPONSE_7949254"/>
</isNull>
<setOutcomeValue identifier="SCORE">
<sum>
<variable identifier="SCORE"/>
<baseValue baseType="float">0.0</baseValue>
</sum>
</setOutcomeValue>
</responseIf>
</responseCondition>
<responseCondition>
<responseIf>
<isNull>
<variable identifier="R-exams_689609216_section_7_item_2_cloze_RESPONSE_8621642"/>
</isNull>
<setOutcomeValue identifier="SCORE">
<sum>
<variable identifier="SCORE"/>
<baseValue baseType="float">0.0</baseValue>
</sum>
</setOutcomeValue>
</responseIf>
</responseCondition>
<responseCondition>
<responseIf>
<isNull>
<variable identifier="R-exams_689609216_section_7_item_2_cloze_RESPONSE_5007627"/>
</isNull>
<setOutcomeValue identifier="SCORE">
<sum>
<variable identifier="SCORE"/>
<baseValue baseType="float">0.0</baseValue>
</sum>
</setOutcomeValue>
</responseIf>
</responseCondition>
<responseCondition>
<responseIf>
<isNull>
<variable identifier="R-exams_689609216_section_7_item_2_cloze_RESPONSE_1802486"/>
</isNull>
<setOutcomeValue identifier="SCORE">
<sum>
<variable identifier="SCORE"/>
<baseValue baseType="float">0.0</baseValue>
</sum>
</setOutcomeValue>
</responseIf>
</responseCondition>
<responseCondition>
<responseIf>
<isNull>
<variable identifier="R-exams_689609216_section_7_item_2_cloze_RESPONSE_4275705"/>
</isNull>
<setOutcomeValue identifier="SCORE">
<sum>
<variable identifier="SCORE"/>
<baseValue baseType="float">0.0</baseValue>
</sum>
</setOutcomeValue>
</responseIf>
</responseCondition>
<responseCondition>
<responseIf>
<isNull>
<variable identifier="R-exams_689609216_section_7_item_2_cloze_RESPONSE_5384928"/>
</isNull>
<setOutcomeValue identifier="SCORE">
<sum>
<variable identifier="SCORE"/>
<baseValue baseType="float">0.0</baseValue>
</sum>
</setOutcomeValue>
</responseIf>
</responseCondition>
<responseCondition>
<responseIf>
<isNull>
<variable identifier="R-exams_689609216_section_7_item_2_cloze_RESPONSE_2450880"/>
</isNull>
<setOutcomeValue identifier="SCORE">
<sum>
<variable identifier="SCORE"/>
<baseValue baseType="float">0.0</baseValue>
</sum>
</setOutcomeValue>
</responseIf>
</responseCondition>
<responseCondition>
<responseIf>
<and>
<match>
<variable identifier="FEEDBACKBASIC"/>
<baseValue baseType="identifier">correct</baseValue>
</match>
<equal toleranceMode="absolute" tolerance="0.05 0.05" includeLowerBound="true" includeUpperBound="true">
<variable identifier="R-exams_689609216_section_7_item_2_cloze_RESPONSE_5317903"/>
<correct identifier="R-exams_689609216_section_7_item_2_cloze_RESPONSE_5317903"/>
</equal>
</and>
<setOutcomeValue identifier="SCORE">
<sum>
<variable identifier="SCORE"/>
<baseValue baseType="float">1</baseValue>
</sum>
</setOutcomeValue>
</responseIf>
<responseElseIf>
<match>
<variable identifier="FEEDBACKBASIC"/>
<baseValue baseType="identifier">correct</baseValue>
</match>
<setOutcomeValue identifier="SCORE">
<sum>
<variable identifier="SCORE"/>
<baseValue baseType="float">0</baseValue>
</sum>
</setOutcomeValue>
</responseElseIf>
<responseElse>
<setOutcomeValue identifier="FEEDBACKBASIC">
<baseValue baseType="identifier">incorrect</baseValue>
</setOutcomeValue>
</responseElse>
</responseCondition>
<responseCondition>
<responseIf>
<and>
<match>
<variable identifier="FEEDBACKBASIC"/>
<baseValue baseType="identifier">correct</baseValue>
</match>
<equal toleranceMode="absolute" tolerance="0.05 0.05" includeLowerBound="true" includeUpperBound="true">
<variable identifier="R-exams_689609216_section_7_item_2_cloze_RESPONSE_2027043"/>
<correct identifier="R-exams_689609216_section_7_item_2_cloze_RESPONSE_2027043"/>
</equal>
</and>
<setOutcomeValue identifier="SCORE">
<sum>
<variable identifier="SCORE"/>
<baseValue baseType="float">1</baseValue>
</sum>
</setOutcomeValue>
</responseIf>
<responseElseIf>
<match>
<variable identifier="FEEDBACKBASIC"/>
<baseValue baseType="identifier">correct</baseValue>
</match>
<setOutcomeValue identifier="SCORE">
<sum>
<variable identifier="SCORE"/>
<baseValue baseType="float">0</baseValue>
</sum>
</setOutcomeValue>
</responseElseIf>
<responseElse>
<setOutcomeValue identifier="FEEDBACKBASIC">
<baseValue baseType="identifier">incorrect</baseValue>
</setOutcomeValue>
</responseElse>
</responseCondition>
<responseCondition>
<responseIf>
<and>
<match>
<variable identifier="FEEDBACKBASIC"/>
<baseValue baseType="identifier">correct</baseValue>
</match>
<equal toleranceMode="absolute" tolerance="0.05 0.05" includeLowerBound="true" includeUpperBound="true">
<variable identifier="R-exams_689609216_section_7_item_2_cloze_RESPONSE_7949254"/>
<correct identifier="R-exams_689609216_section_7_item_2_cloze_RESPONSE_7949254"/>
</equal>
</and>
<setOutcomeValue identifier="SCORE">
<sum>
<variable identifier="SCORE"/>
<baseValue baseType="float">1</baseValue>
</sum>
</setOutcomeValue>
</responseIf>
<responseElseIf>
<match>
<variable identifier="FEEDBACKBASIC"/>
<baseValue baseType="identifier">correct</baseValue>
</match>
<setOutcomeValue identifier="SCORE">
<sum>
<variable identifier="SCORE"/>
<baseValue baseType="float">0</baseValue>
</sum>
</setOutcomeValue>
</responseElseIf>
<responseElse>
<setOutcomeValue identifier="FEEDBACKBASIC">
<baseValue baseType="identifier">incorrect</baseValue>
</setOutcomeValue>
</responseElse>
</responseCondition>
<responseCondition>
<responseIf>
<and>
<match>
<variable identifier="FEEDBACKBASIC"/>
<baseValue baseType="identifier">correct</baseValue>
</match>
<equal toleranceMode="absolute" tolerance="0.05 0.05" includeLowerBound="true" includeUpperBound="true">
<variable identifier="R-exams_689609216_section_7_item_2_cloze_RESPONSE_8621642"/>
<correct identifier="R-exams_689609216_section_7_item_2_cloze_RESPONSE_8621642"/>
</equal>
</and>
<setOutcomeValue identifier="SCORE">
<sum>
<variable identifier="SCORE"/>
<baseValue baseType="float">1</baseValue>
</sum>
</setOutcomeValue>
</responseIf>
<responseElseIf>
<match>
<variable identifier="FEEDBACKBASIC"/>
<baseValue baseType="identifier">correct</baseValue>
</match>
<setOutcomeValue identifier="SCORE">
<sum>
<variable identifier="SCORE"/>
<baseValue baseType="float">0</baseValue>
</sum>
</setOutcomeValue>
</responseElseIf>
<responseElse>
<setOutcomeValue identifier="FEEDBACKBASIC">
<baseValue baseType="identifier">incorrect</baseValue>
</setOutcomeValue>
</responseElse>
</responseCondition>
<responseCondition>
<responseIf>
<and>
<match>
<variable identifier="FEEDBACKBASIC"/>
<baseValue baseType="identifier">correct</baseValue>
</match>
<equal toleranceMode="absolute" tolerance="0.05 0.05" includeLowerBound="true" includeUpperBound="true">
<variable identifier="R-exams_689609216_section_7_item_2_cloze_RESPONSE_5007627"/>
<correct identifier="R-exams_689609216_section_7_item_2_cloze_RESPONSE_5007627"/>
</equal>
</and>
<setOutcomeValue identifier="SCORE">
<sum>
<variable identifier="SCORE"/>
<baseValue baseType="float">1</baseValue>
</sum>
</setOutcomeValue>
</responseIf>
<responseElseIf>
<match>
<variable identifier="FEEDBACKBASIC"/>
<baseValue baseType="identifier">correct</baseValue>
</match>
<setOutcomeValue identifier="SCORE">
<sum>
<variable identifier="SCORE"/>
<baseValue baseType="float">0</baseValue>
</sum>
</setOutcomeValue>
</responseElseIf>
<responseElse>
<setOutcomeValue identifier="FEEDBACKBASIC">
<baseValue baseType="identifier">incorrect</baseValue>
</setOutcomeValue>
</responseElse>
</responseCondition>
<responseCondition>
<responseIf>
<and>
<match>
<variable identifier="FEEDBACKBASIC"/>
<baseValue baseType="identifier">correct</baseValue>
</match>
<equal toleranceMode="absolute" tolerance="0.05 0.05" includeLowerBound="true" includeUpperBound="true">
<variable identifier="R-exams_689609216_section_7_item_2_cloze_RESPONSE_1802486"/>
<correct identifier="R-exams_689609216_section_7_item_2_cloze_RESPONSE_1802486"/>
</equal>
</and>
<setOutcomeValue identifier="SCORE">
<sum>
<variable identifier="SCORE"/>
<baseValue baseType="float">1</baseValue>
</sum>
</setOutcomeValue>
</responseIf>
<responseElseIf>
<match>
<variable identifier="FEEDBACKBASIC"/>
<baseValue baseType="identifier">correct</baseValue>
</match>
<setOutcomeValue identifier="SCORE">
<sum>
<variable identifier="SCORE"/>
<baseValue baseType="float">0</baseValue>
</sum>
</setOutcomeValue>
</responseElseIf>
<responseElse>
<setOutcomeValue identifier="FEEDBACKBASIC">
<baseValue baseType="identifier">incorrect</baseValue>
</setOutcomeValue>
</responseElse>
</responseCondition>
<responseCondition>
<responseIf>
<and>
<match>
<variable identifier="FEEDBACKBASIC"/>
<baseValue baseType="identifier">correct</baseValue>
</match>
<equal toleranceMode="absolute" tolerance="0.05 0.05" includeLowerBound="true" includeUpperBound="true">
<variable identifier="R-exams_689609216_section_7_item_2_cloze_RESPONSE_4275705"/>
<correct identifier="R-exams_689609216_section_7_item_2_cloze_RESPONSE_4275705"/>
</equal>
</and>
<setOutcomeValue identifier="SCORE">
<sum>
<variable identifier="SCORE"/>
<baseValue baseType="float">1</baseValue>
</sum>
</setOutcomeValue>
</responseIf>
<responseElseIf>
<match>
<variable identifier="FEEDBACKBASIC"/>
<baseValue baseType="identifier">correct</baseValue>
</match>
<setOutcomeValue identifier="SCORE">
<sum>
<variable identifier="SCORE"/>
<baseValue baseType="float">0</baseValue>
</sum>
</setOutcomeValue>
</responseElseIf>
<responseElse>
<setOutcomeValue identifier="FEEDBACKBASIC">
<baseValue baseType="identifier">incorrect</baseValue>
</setOutcomeValue>
</responseElse>
</responseCondition>
<responseCondition>
<responseIf>
<and>
<match>
<variable identifier="FEEDBACKBASIC"/>
<baseValue baseType="identifier">correct</baseValue>
</match>
<equal toleranceMode="absolute" tolerance="0.05 0.05" includeLowerBound="true" includeUpperBound="true">
<variable identifier="R-exams_689609216_section_7_item_2_cloze_RESPONSE_5384928"/>
<correct identifier="R-exams_689609216_section_7_item_2_cloze_RESPONSE_5384928"/>
</equal>
</and>
<setOutcomeValue identifier="SCORE">
<sum>
<variable identifier="SCORE"/>
<baseValue baseType="float">1</baseValue>
</sum>
</setOutcomeValue>
</responseIf>
<responseElseIf>
<match>
<variable identifier="FEEDBACKBASIC"/>
<baseValue baseType="identifier">correct</baseValue>
</match>
<setOutcomeValue identifier="SCORE">
<sum>
<variable identifier="SCORE"/>
<baseValue baseType="float">0</baseValue>
</sum>
</setOutcomeValue>
</responseElseIf>
<responseElse>
<setOutcomeValue identifier="FEEDBACKBASIC">
<baseValue baseType="identifier">incorrect</baseValue>
</setOutcomeValue>
</responseElse>
</responseCondition>
<responseCondition>
<responseIf>
<and>
<match>
<variable identifier="FEEDBACKBASIC"/>
<baseValue baseType="identifier">correct</baseValue>
</match>
<equal toleranceMode="absolute" tolerance="0.05 0.05" includeLowerBound="true" includeUpperBound="true">
<variable identifier="R-exams_689609216_section_7_item_2_cloze_RESPONSE_2450880"/>
<correct identifier="R-exams_689609216_section_7_item_2_cloze_RESPONSE_2450880"/>
</equal>
</and>
<setOutcomeValue identifier="SCORE">
<sum>
<variable identifier="SCORE"/>
<baseValue baseType="float">1</baseValue>
</sum>
</setOutcomeValue>
</responseIf>
<responseElseIf>
<match>
<variable identifier="FEEDBACKBASIC"/>
<baseValue baseType="identifier">correct</baseValue>
</match>
<setOutcomeValue identifier="SCORE">
<sum>
<variable identifier="SCORE"/>
<baseValue baseType="float">0</baseValue>
</sum>
</setOutcomeValue>
</responseElseIf>
<responseElse>
<setOutcomeValue identifier="FEEDBACKBASIC">
<baseValue baseType="identifier">incorrect</baseValue>
</setOutcomeValue>
</responseElse>
</responseCondition>
<responseCondition>
<responseIf>
<equal toleranceMode="absolute" tolerance="0.05 0.05" includeLowerBound="true" includeUpperBound="true">
<variable identifier="R-exams_689609216_section_7_item_2_cloze_RESPONSE_2450880"/>
<correct identifier="R-exams_689609216_section_7_item_2_cloze_RESPONSE_2450880"/>
</equal>
<setOutcomeValue identifier="FEEDBACKBASIC">
<baseValue baseType="identifier">correct</baseValue>
</setOutcomeValue>
</responseIf>
<responseElse>
<setOutcomeValue identifier="FEEDBACKBASIC">
<baseValue baseType="identifier">incorrect</baseValue>
</setOutcomeValue>
</responseElse>
</responseCondition>
<responseCondition>
<responseIf>
<and>
<match>
<baseValue baseType="identifier">incorrect</baseValue>
<variable identifier="FEEDBACKBASIC"/>
</match>
</and>
<setOutcomeValue identifier="FEEDBACKMODAL">
<multiple>
<variable identifier="FEEDBACKMODAL"/>
<baseValue baseType="identifier">Feedback358407067</baseValue>
</multiple>
</setOutcomeValue>
</responseIf>
</responseCondition>
</responseProcessing>
<modalFeedback identifier="Feedback358407067" outcomeIdentifier="FEEDBACKMODAL" showHide="show">
<p>Using the information from the text, we can directly calculate the following joint probabilities: </p><div class="math">\begin{aligned}
  P(E \cap R) &amp; = &amp;
    P(R | E) \cdot P(E) = 0.72 \cdot 0.08 = 0.0576 = 5.76\%\\
  P(\overline{E} \cap \overline{R}) &amp; = &amp;
    P(\overline{R} | \overline{E}) \cdot P(\overline{E}) = 0.74 \cdot 0.92 = 0.6808 = 68.08\%.\end{aligned}</div><p> The remaining probabilities can then be found by calculating sums and differences in the fourfold table:</p>
<table class="b_gray">
<thead>
<tr class="header">
<th style="text-align: center;"></th>
<th style="text-align: center;"> <span class="math">R</span> </th>
<th style="text-align: center;"> <span class="math">\overline{R}</span> </th>
<th style="text-align: center;">sum</th>
</tr>
</thead>
<tbody>
<tr class="odd">
<td style="text-align: center;"> <span class="math">E</span> </td>
<td style="text-align: center;"> <span><strong>5.76</strong></span> </td>
<td style="text-align: center;"> <span><em>2.24</em></span> </td>
<td style="text-align: center;"> <span><strong>8.00</strong></span> </td>
</tr>
<tr class="even">
<td style="text-align: center;"> <span class="math">\overline{E}</span> </td>
<td style="text-align: center;"> <span><em>23.92</em></span> </td>
<td style="text-align: center;"> <span><strong>68.08</strong></span> </td>
<td style="text-align: center;"> <span><em>92.00</em></span> </td>
</tr>
<tr class="odd">
<td style="text-align: center;">sum</td>
<td style="text-align: center;"> <span><em>29.68</em></span> </td>
<td style="text-align: center;"> <span><em>70.32</em></span> </td>
<td style="text-align: center;"> <span><strong>100.00</strong></span> </td>
</tr>
</tbody>
</table>
<br />
<ol type = "a">
<li>  <br /> <span class="math">P(E \cap R) =   5.76\%</span> </li>
<li>  <br /> <span class="math">P(\overline{E} \cap R) =  23.92\%</span> </li>
<li>  <br /> <span class="math">P(E \cap \overline{R}) =   2.24\%</span> </li>
<li>  <br /> <span class="math">P(\overline{E} \cap \overline{R}) =  68.08\%</span> </li>
<li>  <br /> <span class="math">P(R) =  29.68\%</span> </li>
<li>  <br /> <span class="math">P(\overline{R}) =  70.32\%</span> </li>
<li>  <br /> <span class="math">P(E) =   8.00\%</span> </li>
<li>  <br /> <span class="math">P(\overline{E}) =  92.00\%</span> </li>
<li>  <br /> <span class="math">P(\Omega) = 100.00\%</span> </li>
</ol>
</modalFeedback>
</assessmentItem>
