<?xml version="1.0" encoding="UTF-8"?>
<assessmentItem xsi:schemaLocation="http://www.imsglobal.org/xsd/imsqti_v2p1 http://www.imsglobal.org/xsd/qti/qtiv2p1/imsqti_v2p1p1.xsd http://www.w3.org/1998/Math/MathML http://www.w3.org/Math/XMLSchema/mathml2/mathml2.xsd" identifier="R-exams_689609216_section_3_item_1_mchoice" title="Question" adaptive="false" timeDependent="false" xmlns="http://www.imsglobal.org/xsd/imsqti_v2p1" xmlns:xsi="http://www.w3.org/2001/XMLSchema-instance">
<responseDeclaration identifier="R-exams_689609216_section_3_item_1_mchoice_RESPONSE_3620090" cardinality="multiple" baseType="identifier">
<correctResponse>
<value>R-exams_689609216_section_3_item_1_mchoice_9525489726</value>
<value>R-exams_689609216_section_3_item_1_mchoice_4357479338</value>
<value>R-exams_689609216_section_3_item_1_mchoice_5881357058</value>
</correctResponse>
<mapping defaultValue="0" lowerBound="0.0">
<mapEntry mapKey="R-exams_689609216_section_3_item_1_mchoice_9525489726" mappedValue="0.333333333333333"/>
<mapEntry mapKey="R-exams_689609216_section_3_item_1_mchoice_4357479338" mappedValue="0.333333333333333"/>
<mapEntry mapKey="R-exams_689609216_section_3_item_1_mchoice_8696018242" mappedValue="-0.5"/>
<mapEntry mapKey="R-exams_689609216_section_3_item_1_mchoice_1089155368" mappedValue="-0.5"/>
<mapEntry mapKey="R-exams_689609216_section_3_item_1_mchoice_5881357058" mappedValue="0.333333333333333"/>
</mapping>
</responseDeclaration>
<outcomeDeclaration identifier="SCORE" cardinality="single" baseType="float" normalMaximum="1" normalMinimum="0">
<defaultValue>
<value>0.0</value>
</defaultValue>
</outcomeDeclaration>
<outcomeDeclaration identifier="MAXSCORE" cardinality="single" baseType="float">
<defaultValue>
<value>1</value>
</defaultValue>
</outcomeDeclaration>
<outcomeDeclaration identifier="FEEDBACKBASIC" cardinality="single" baseType="identifier" view="testConstructor">
<defaultValue>
<value>empty</value>
</defaultValue>
</outcomeDeclaration>
<outcomeDeclaration identifier="FEEDBACKMODAL" cardinality="multiple" baseType="identifier" view="testConstructor"/>
<outcomeDeclaration identifier="MINSCORE" cardinality="single" baseType="float">
<defaultValue>
<value baseType="float">0</value>
</defaultValue>
</outcomeDeclaration>
<itemBody>
<p>The waiting time (in minutes) at the cashier of two supermarket chains with different cashier systems is compared. The following statistical test was performed:</p>
<pre><code>    Two Sample t-test

data:  Waiting by Supermarket
t = -2.0525, df = 120, p-value = 0.02115
alternative hypothesis: true difference in means is less than 0
95 percent confidence interval:
       -Inf -0.2212139
sample estimates:
 mean in group Sparag mean in group Consumo 
             4.331325              5.481321 </code></pre>
<p>Which of the following statements are correct? (Significance level <span class="math">5\%</span>)</p>
<choiceInteraction responseIdentifier="R-exams_689609216_section_3_item_1_mchoice_RESPONSE_3620090" shuffle="false" maxChoices="0">
<simpleChoice identifier="R-exams_689609216_section_3_item_1_mchoice_9525489726">
<p>
a. The absolute value of the test statistic is larger than 1.96.
</p>
</simpleChoice>
<simpleChoice identifier="R-exams_689609216_section_3_item_1_mchoice_4357479338">
<p>
b. A one-sided alternative was tested.
</p>
</simpleChoice>
<simpleChoice identifier="R-exams_689609216_section_3_item_1_mchoice_8696018242">
<p>
c. The <span class="math">p</span> value is larger than <span class="math">0.05</span>.
</p>
</simpleChoice>
<simpleChoice identifier="R-exams_689609216_section_3_item_1_mchoice_1089155368">
<p>
d. The test shows that the waiting time is longer at Sparag than at Consumo.
</p>
</simpleChoice>
<simpleChoice identifier="R-exams_689609216_section_3_item_1_mchoice_5881357058">
<p>
e. The test shows that the waiting time is shorter at Sparag than at Consumo.
</p>
</simpleChoice>
</choiceInteraction>
</itemBody>
<responseProcessing>
<responseCondition>
<responseIf>
<isNull>
<variable identifier="R-exams_689609216_section_3_item_1_mchoice_RESPONSE_3620090"/>
</isNull>
<setOutcomeValue identifier="FEEDBACKBASIC">
<baseValue baseType="identifier">empty</baseValue>
</setOutcomeValue>
</responseIf>
<responseElse>
<setOutcomeValue identifier="FEEDBACKBASIC">
<baseValue baseType="identifier">correct</baseValue>
</setOutcomeValue>
</responseElse>
</responseCondition>
<responseCondition>
<responseIf>
<isNull>
<variable identifier="R-exams_689609216_section_3_item_1_mchoice_RESPONSE_3620090"/>
</isNull>
<setOutcomeValue identifier="SCORE">
<sum>
<variable identifier="SCORE"/>
<baseValue baseType="float">0.0</baseValue>
</sum>
</setOutcomeValue>
</responseIf>
</responseCondition>
<responseCondition>
<responseIf>
<match>
<variable identifier="FEEDBACKBASIC"/>
<baseValue baseType="identifier">correct</baseValue>
</match>
<setOutcomeValue identifier="SCORE">
<sum>
<variable identifier="SCORE"/>
<mapResponse identifier="R-exams_689609216_section_3_item_1_mchoice_RESPONSE_3620090"/>
</sum>
</setOutcomeValue>
</responseIf>
</responseCondition>
<responseCondition>
<responseIf>
<equal toleranceMode="relative" tolerance="0.001">
<variable identifier="SCORE"/>
<variable identifier="MAXSCORE"/>
</equal>
<setOutcomeValue identifier="SCORE">
<baseValue baseType="float">1</baseValue>
</setOutcomeValue>
</responseIf>
</responseCondition>
<responseCondition>
<responseIf>
<equal toleranceMode="relative" tolerance="0.001">
<variable identifier="SCORE"/>
<variable identifier="MAXSCORE"/>
</equal>
<setOutcomeValue identifier="FEEDBACKBASIC">
<baseValue baseType="identifier">correct</baseValue>
</setOutcomeValue>
</responseIf>
<responseElse>
<setOutcomeValue identifier="FEEDBACKBASIC">
<baseValue baseType="identifier">incorrect</baseValue>
</setOutcomeValue>
</responseElse>
</responseCondition>
<responseCondition>
<responseIf>
<and>
<match>
<baseValue baseType="identifier">incorrect</baseValue>
<variable identifier="FEEDBACKBASIC"/>
</match>
</and>
<setOutcomeValue identifier="FEEDBACKMODAL">
<multiple>
<variable identifier="FEEDBACKMODAL"/>
<baseValue baseType="identifier">Feedback610944068</baseValue>
</multiple>
</setOutcomeValue>
</responseIf>
</responseCondition>
</responseProcessing>
<modalFeedback identifier="Feedback610944068" outcomeIdentifier="FEEDBACKMODAL" showHide="show">
<ol type = "a">
<li> The absolute value of the test statistic is larger than 1.96. <br /> True. The absolute value of the test statistic is equal to 2.052. </li>
<li> A one-sided alternative was tested. <br /> True. The test aims at showing that the difference of means is smaller than <span class="math">0</span>. </li>
<li> The <span class="math">p</span> value is larger than <span class="math">0.05</span>. <br /> False. The <span class="math">p</span> value is equal to <span class="math">0.0211</span>. </li>
<li> The test shows that the waiting time is longer at Sparag than at Consumo. <br /> False. The test aims at showing that the alternative that the waiting time is shorter at Sparag than at Consumo. </li>
<li> The test shows that the waiting time is shorter at Sparag than at Consumo. <br /> True. The test result is significant (<span class="math">p &lt; 0.05</span>) and hence the alternative is shown, that the difference of means are smaller than <span class="math">0</span>. </li>
</ol>
</modalFeedback>
</assessmentItem>
