<?xml version="1.0" encoding="UTF-8"?>
<assessmentItem xsi:schemaLocation="http://www.imsglobal.org/xsd/imsqti_v2p1 http://www.imsglobal.org/xsd/qti/qtiv2p1/imsqti_v2p1p1.xsd http://www.w3.org/1998/Math/MathML http://www.w3.org/Math/XMLSchema/mathml2/mathml2.xsd" identifier="R-exams_689609216_section_7_item_3_cloze" title="Question" adaptive="false" timeDependent="false" xmlns="http://www.imsglobal.org/xsd/imsqti_v2p1" xmlns:xsi="http://www.w3.org/2001/XMLSchema-instance">
<responseDeclaration identifier="R-exams_689609216_section_7_item_3_cloze_RESPONSE_1286662" cardinality="single" baseType="float">
<correctResponse>
<value>6.5</value>
</correctResponse>
</responseDeclaration>
<responseDeclaration identifier="R-exams_689609216_section_7_item_3_cloze_RESPONSE_1784185" cardinality="single" baseType="float">
<correctResponse>
<value>22.5</value>
</correctResponse>
</responseDeclaration>
<responseDeclaration identifier="R-exams_689609216_section_7_item_3_cloze_RESPONSE_7780369" cardinality="single" baseType="float">
<correctResponse>
<value>3.5</value>
</correctResponse>
</responseDeclaration>
<responseDeclaration identifier="R-exams_689609216_section_7_item_3_cloze_RESPONSE_8649478" cardinality="single" baseType="float">
<correctResponse>
<value>67.5</value>
</correctResponse>
</responseDeclaration>
<responseDeclaration identifier="R-exams_689609216_section_7_item_3_cloze_RESPONSE_1405947" cardinality="single" baseType="float">
<correctResponse>
<value>29</value>
</correctResponse>
</responseDeclaration>
<responseDeclaration identifier="R-exams_689609216_section_7_item_3_cloze_RESPONSE_6120658" cardinality="single" baseType="float">
<correctResponse>
<value>71</value>
</correctResponse>
</responseDeclaration>
<responseDeclaration identifier="R-exams_689609216_section_7_item_3_cloze_RESPONSE_9680502" cardinality="single" baseType="float">
<correctResponse>
<value>10</value>
</correctResponse>
</responseDeclaration>
<responseDeclaration identifier="R-exams_689609216_section_7_item_3_cloze_RESPONSE_8911635" cardinality="single" baseType="float">
<correctResponse>
<value>90</value>
</correctResponse>
</responseDeclaration>
<responseDeclaration identifier="R-exams_689609216_section_7_item_3_cloze_RESPONSE_4198707" cardinality="single" baseType="float">
<correctResponse>
<value>100</value>
</correctResponse>
</responseDeclaration>
<outcomeDeclaration identifier="SCORE" cardinality="single" baseType="float" normalMaximum="9" normalMinimum="0">
<defaultValue>
<value>0.0</value>
</defaultValue>
</outcomeDeclaration>
<outcomeDeclaration identifier="MAXSCORE" cardinality="single" baseType="float">
<defaultValue>
<value>9</value>
</defaultValue>
</outcomeDeclaration>
<outcomeDeclaration identifier="FEEDBACKBASIC" cardinality="single" baseType="identifier" view="testConstructor">
<defaultValue>
<value>empty</value>
</defaultValue>
</outcomeDeclaration>
<outcomeDeclaration identifier="FEEDBACKMODAL" cardinality="multiple" baseType="identifier" view="testConstructor"/>
<outcomeDeclaration identifier="MINSCORE" cardinality="single" baseType="float">
<defaultValue>
<value baseType="float">0</value>
</defaultValue>
</outcomeDeclaration>
<itemBody>
<p>An industry-leading company seeks a qualified candidate for a management position. A management consultancy carries out an assessment center which concludes in making a positive or negative recommendation for each candidate: From previous assessments they know that of those candidates that are actually eligible for the position (event <span class="math">E</span>) <span class="math">65\%</span> get a positive recommendation (event <span class="math">R</span>). However, out of those candidates that are not eligible <span class="math">75\%</span> get a negative recommendation. Overall, they know that only <span class="math">10\%</span> of all job applicants are actually eligible.</p>
<p>What is the corresponding fourfold table of the joint probabilities? (Specify all entries in percent.)</p>
<table class="b_gray">
<thead>
<tr class="header">
<th style="text-align: center;"></th>
<th style="text-align: center;"> <span class="math">R</span> </th>
<th style="text-align: center;"> <span class="math">\overline{R}</span> </th>
<th style="text-align: center;">sum</th>
</tr>
</thead>
<tbody>
<tr class="odd">
<td style="text-align: center;"> <span class="math">E</span> </td>
<td style="text-align: center;">  
<textEntryInteraction responseIdentifier="R-exams_689609216_section_7_item_3_cloze_RESPONSE_1286662"/>% </td>
<td style="text-align: center;">  
<textEntryInteraction responseIdentifier="R-exams_689609216_section_7_item_3_cloze_RESPONSE_7780369"/>% </td>
<td style="text-align: center;">  
<textEntryInteraction responseIdentifier="R-exams_689609216_section_7_item_3_cloze_RESPONSE_9680502"/>% </td>
</tr>
<tr class="even">
<td style="text-align: center;"> <span class="math">\overline{E}</span> </td>
<td style="text-align: center;">  
<textEntryInteraction responseIdentifier="R-exams_689609216_section_7_item_3_cloze_RESPONSE_1784185"/>% </td>
<td style="text-align: center;">  
<textEntryInteraction responseIdentifier="R-exams_689609216_section_7_item_3_cloze_RESPONSE_8649478"/>% </td>
<td style="text-align: center;">  
<textEntryInteraction responseIdentifier="R-exams_689609216_section_7_item_3_cloze_RESPONSE_8911635"/>% </td>
</tr>
<tr class="odd">
<td style="text-align: center;">sum</td>
<td style="text-align: center;">  
<textEntryInteraction responseIdentifier="R-exams_689609216_section_7_item_3_cloze_RESPONSE_1405947"/>% </td>
<td style="text-align: center;">  
<textEntryInteraction responseIdentifier="R-exams_689609216_section_7_item_3_cloze_RESPONSE_6120658"/>% </td>
<td style="text-align: center;">  
<textEntryInteraction responseIdentifier="R-exams_689609216_section_7_item_3_cloze_RESPONSE_4198707"/>% </td>
</tr>
</tbody>
</table>
</itemBody>
<responseProcessing>
<responseCondition>
<responseIf>
<and>
<isNull>
<variable identifier="R-exams_689609216_section_7_item_3_cloze_RESPONSE_1286662"/>
</isNull>
<isNull>
<variable identifier="R-exams_689609216_section_7_item_3_cloze_RESPONSE_1784185"/>
</isNull>
<isNull>
<variable identifier="R-exams_689609216_section_7_item_3_cloze_RESPONSE_7780369"/>
</isNull>
<isNull>
<variable identifier="R-exams_689609216_section_7_item_3_cloze_RESPONSE_8649478"/>
</isNull>
<isNull>
<variable identifier="R-exams_689609216_section_7_item_3_cloze_RESPONSE_1405947"/>
</isNull>
<isNull>
<variable identifier="R-exams_689609216_section_7_item_3_cloze_RESPONSE_6120658"/>
</isNull>
<isNull>
<variable identifier="R-exams_689609216_section_7_item_3_cloze_RESPONSE_9680502"/>
</isNull>
<isNull>
<variable identifier="R-exams_689609216_section_7_item_3_cloze_RESPONSE_8911635"/>
</isNull>
<isNull>
<variable identifier="R-exams_689609216_section_7_item_3_cloze_RESPONSE_4198707"/>
</isNull>
</and>
<setOutcomeValue identifier="FEEDBACKBASIC">
<baseValue baseType="identifier">empty</baseValue>
</setOutcomeValue>
</responseIf>
<responseElse>
<setOutcomeValue identifier="FEEDBACKBASIC">
<baseValue baseType="identifier">correct</baseValue>
</setOutcomeValue>
</responseElse>
</responseCondition>
<responseCondition>
<responseIf>
<isNull>
<variable identifier="R-exams_689609216_section_7_item_3_cloze_RESPONSE_1286662"/>
</isNull>
<setOutcomeValue identifier="SCORE">
<sum>
<variable identifier="SCORE"/>
<baseValue baseType="float">0.0</baseValue>
</sum>
</setOutcomeValue>
</responseIf>
</responseCondition>
<responseCondition>
<responseIf>
<isNull>
<variable identifier="R-exams_689609216_section_7_item_3_cloze_RESPONSE_1784185"/>
</isNull>
<setOutcomeValue identifier="SCORE">
<sum>
<variable identifier="SCORE"/>
<baseValue baseType="float">0.0</baseValue>
</sum>
</setOutcomeValue>
</responseIf>
</responseCondition>
<responseCondition>
<responseIf>
<isNull>
<variable identifier="R-exams_689609216_section_7_item_3_cloze_RESPONSE_7780369"/>
</isNull>
<setOutcomeValue identifier="SCORE">
<sum>
<variable identifier="SCORE"/>
<baseValue baseType="float">0.0</baseValue>
</sum>
</setOutcomeValue>
</responseIf>
</responseCondition>
<responseCondition>
<responseIf>
<isNull>
<variable identifier="R-exams_689609216_section_7_item_3_cloze_RESPONSE_8649478"/>
</isNull>
<setOutcomeValue identifier="SCORE">
<sum>
<variable identifier="SCORE"/>
<baseValue baseType="float">0.0</baseValue>
</sum>
</setOutcomeValue>
</responseIf>
</responseCondition>
<responseCondition>
<responseIf>
<isNull>
<variable identifier="R-exams_689609216_section_7_item_3_cloze_RESPONSE_1405947"/>
</isNull>
<setOutcomeValue identifier="SCORE">
<sum>
<variable identifier="SCORE"/>
<baseValue baseType="float">0.0</baseValue>
</sum>
</setOutcomeValue>
</responseIf>
</responseCondition>
<responseCondition>
<responseIf>
<isNull>
<variable identifier="R-exams_689609216_section_7_item_3_cloze_RESPONSE_6120658"/>
</isNull>
<setOutcomeValue identifier="SCORE">
<sum>
<variable identifier="SCORE"/>
<baseValue baseType="float">0.0</baseValue>
</sum>
</setOutcomeValue>
</responseIf>
</responseCondition>
<responseCondition>
<responseIf>
<isNull>
<variable identifier="R-exams_689609216_section_7_item_3_cloze_RESPONSE_9680502"/>
</isNull>
<setOutcomeValue identifier="SCORE">
<sum>
<variable identifier="SCORE"/>
<baseValue baseType="float">0.0</baseValue>
</sum>
</setOutcomeValue>
</responseIf>
</responseCondition>
<responseCondition>
<responseIf>
<isNull>
<variable identifier="R-exams_689609216_section_7_item_3_cloze_RESPONSE_8911635"/>
</isNull>
<setOutcomeValue identifier="SCORE">
<sum>
<variable identifier="SCORE"/>
<baseValue baseType="float">0.0</baseValue>
</sum>
</setOutcomeValue>
</responseIf>
</responseCondition>
<responseCondition>
<responseIf>
<isNull>
<variable identifier="R-exams_689609216_section_7_item_3_cloze_RESPONSE_4198707"/>
</isNull>
<setOutcomeValue identifier="SCORE">
<sum>
<variable identifier="SCORE"/>
<baseValue baseType="float">0.0</baseValue>
</sum>
</setOutcomeValue>
</responseIf>
</responseCondition>
<responseCondition>
<responseIf>
<and>
<match>
<variable identifier="FEEDBACKBASIC"/>
<baseValue baseType="identifier">correct</baseValue>
</match>
<equal toleranceMode="absolute" tolerance="0.05 0.05" includeLowerBound="true" includeUpperBound="true">
<variable identifier="R-exams_689609216_section_7_item_3_cloze_RESPONSE_1286662"/>
<correct identifier="R-exams_689609216_section_7_item_3_cloze_RESPONSE_1286662"/>
</equal>
</and>
<setOutcomeValue identifier="SCORE">
<sum>
<variable identifier="SCORE"/>
<baseValue baseType="float">1</baseValue>
</sum>
</setOutcomeValue>
</responseIf>
<responseElseIf>
<match>
<variable identifier="FEEDBACKBASIC"/>
<baseValue baseType="identifier">correct</baseValue>
</match>
<setOutcomeValue identifier="SCORE">
<sum>
<variable identifier="SCORE"/>
<baseValue baseType="float">0</baseValue>
</sum>
</setOutcomeValue>
</responseElseIf>
<responseElse>
<setOutcomeValue identifier="FEEDBACKBASIC">
<baseValue baseType="identifier">incorrect</baseValue>
</setOutcomeValue>
</responseElse>
</responseCondition>
<responseCondition>
<responseIf>
<and>
<match>
<variable identifier="FEEDBACKBASIC"/>
<baseValue baseType="identifier">correct</baseValue>
</match>
<equal toleranceMode="absolute" tolerance="0.05 0.05" includeLowerBound="true" includeUpperBound="true">
<variable identifier="R-exams_689609216_section_7_item_3_cloze_RESPONSE_1784185"/>
<correct identifier="R-exams_689609216_section_7_item_3_cloze_RESPONSE_1784185"/>
</equal>
</and>
<setOutcomeValue identifier="SCORE">
<sum>
<variable identifier="SCORE"/>
<baseValue baseType="float">1</baseValue>
</sum>
</setOutcomeValue>
</responseIf>
<responseElseIf>
<match>
<variable identifier="FEEDBACKBASIC"/>
<baseValue baseType="identifier">correct</baseValue>
</match>
<setOutcomeValue identifier="SCORE">
<sum>
<variable identifier="SCORE"/>
<baseValue baseType="float">0</baseValue>
</sum>
</setOutcomeValue>
</responseElseIf>
<responseElse>
<setOutcomeValue identifier="FEEDBACKBASIC">
<baseValue baseType="identifier">incorrect</baseValue>
</setOutcomeValue>
</responseElse>
</responseCondition>
<responseCondition>
<responseIf>
<and>
<match>
<variable identifier="FEEDBACKBASIC"/>
<baseValue baseType="identifier">correct</baseValue>
</match>
<equal toleranceMode="absolute" tolerance="0.05 0.05" includeLowerBound="true" includeUpperBound="true">
<variable identifier="R-exams_689609216_section_7_item_3_cloze_RESPONSE_7780369"/>
<correct identifier="R-exams_689609216_section_7_item_3_cloze_RESPONSE_7780369"/>
</equal>
</and>
<setOutcomeValue identifier="SCORE">
<sum>
<variable identifier="SCORE"/>
<baseValue baseType="float">1</baseValue>
</sum>
</setOutcomeValue>
</responseIf>
<responseElseIf>
<match>
<variable identifier="FEEDBACKBASIC"/>
<baseValue baseType="identifier">correct</baseValue>
</match>
<setOutcomeValue identifier="SCORE">
<sum>
<variable identifier="SCORE"/>
<baseValue baseType="float">0</baseValue>
</sum>
</setOutcomeValue>
</responseElseIf>
<responseElse>
<setOutcomeValue identifier="FEEDBACKBASIC">
<baseValue baseType="identifier">incorrect</baseValue>
</setOutcomeValue>
</responseElse>
</responseCondition>
<responseCondition>
<responseIf>
<and>
<match>
<variable identifier="FEEDBACKBASIC"/>
<baseValue baseType="identifier">correct</baseValue>
</match>
<equal toleranceMode="absolute" tolerance="0.05 0.05" includeLowerBound="true" includeUpperBound="true">
<variable identifier="R-exams_689609216_section_7_item_3_cloze_RESPONSE_8649478"/>
<correct identifier="R-exams_689609216_section_7_item_3_cloze_RESPONSE_8649478"/>
</equal>
</and>
<setOutcomeValue identifier="SCORE">
<sum>
<variable identifier="SCORE"/>
<baseValue baseType="float">1</baseValue>
</sum>
</setOutcomeValue>
</responseIf>
<responseElseIf>
<match>
<variable identifier="FEEDBACKBASIC"/>
<baseValue baseType="identifier">correct</baseValue>
</match>
<setOutcomeValue identifier="SCORE">
<sum>
<variable identifier="SCORE"/>
<baseValue baseType="float">0</baseValue>
</sum>
</setOutcomeValue>
</responseElseIf>
<responseElse>
<setOutcomeValue identifier="FEEDBACKBASIC">
<baseValue baseType="identifier">incorrect</baseValue>
</setOutcomeValue>
</responseElse>
</responseCondition>
<responseCondition>
<responseIf>
<and>
<match>
<variable identifier="FEEDBACKBASIC"/>
<baseValue baseType="identifier">correct</baseValue>
</match>
<equal toleranceMode="absolute" tolerance="0.05 0.05" includeLowerBound="true" includeUpperBound="true">
<variable identifier="R-exams_689609216_section_7_item_3_cloze_RESPONSE_1405947"/>
<correct identifier="R-exams_689609216_section_7_item_3_cloze_RESPONSE_1405947"/>
</equal>
</and>
<setOutcomeValue identifier="SCORE">
<sum>
<variable identifier="SCORE"/>
<baseValue baseType="float">1</baseValue>
</sum>
</setOutcomeValue>
</responseIf>
<responseElseIf>
<match>
<variable identifier="FEEDBACKBASIC"/>
<baseValue baseType="identifier">correct</baseValue>
</match>
<setOutcomeValue identifier="SCORE">
<sum>
<variable identifier="SCORE"/>
<baseValue baseType="float">0</baseValue>
</sum>
</setOutcomeValue>
</responseElseIf>
<responseElse>
<setOutcomeValue identifier="FEEDBACKBASIC">
<baseValue baseType="identifier">incorrect</baseValue>
</setOutcomeValue>
</responseElse>
</responseCondition>
<responseCondition>
<responseIf>
<and>
<match>
<variable identifier="FEEDBACKBASIC"/>
<baseValue baseType="identifier">correct</baseValue>
</match>
<equal toleranceMode="absolute" tolerance="0.05 0.05" includeLowerBound="true" includeUpperBound="true">
<variable identifier="R-exams_689609216_section_7_item_3_cloze_RESPONSE_6120658"/>
<correct identifier="R-exams_689609216_section_7_item_3_cloze_RESPONSE_6120658"/>
</equal>
</and>
<setOutcomeValue identifier="SCORE">
<sum>
<variable identifier="SCORE"/>
<baseValue baseType="float">1</baseValue>
</sum>
</setOutcomeValue>
</responseIf>
<responseElseIf>
<match>
<variable identifier="FEEDBACKBASIC"/>
<baseValue baseType="identifier">correct</baseValue>
</match>
<setOutcomeValue identifier="SCORE">
<sum>
<variable identifier="SCORE"/>
<baseValue baseType="float">0</baseValue>
</sum>
</setOutcomeValue>
</responseElseIf>
<responseElse>
<setOutcomeValue identifier="FEEDBACKBASIC">
<baseValue baseType="identifier">incorrect</baseValue>
</setOutcomeValue>
</responseElse>
</responseCondition>
<responseCondition>
<responseIf>
<and>
<match>
<variable identifier="FEEDBACKBASIC"/>
<baseValue baseType="identifier">correct</baseValue>
</match>
<equal toleranceMode="absolute" tolerance="0.05 0.05" includeLowerBound="true" includeUpperBound="true">
<variable identifier="R-exams_689609216_section_7_item_3_cloze_RESPONSE_9680502"/>
<correct identifier="R-exams_689609216_section_7_item_3_cloze_RESPONSE_9680502"/>
</equal>
</and>
<setOutcomeValue identifier="SCORE">
<sum>
<variable identifier="SCORE"/>
<baseValue baseType="float">1</baseValue>
</sum>
</setOutcomeValue>
</responseIf>
<responseElseIf>
<match>
<variable identifier="FEEDBACKBASIC"/>
<baseValue baseType="identifier">correct</baseValue>
</match>
<setOutcomeValue identifier="SCORE">
<sum>
<variable identifier="SCORE"/>
<baseValue baseType="float">0</baseValue>
</sum>
</setOutcomeValue>
</responseElseIf>
<responseElse>
<setOutcomeValue identifier="FEEDBACKBASIC">
<baseValue baseType="identifier">incorrect</baseValue>
</setOutcomeValue>
</responseElse>
</responseCondition>
<responseCondition>
<responseIf>
<and>
<match>
<variable identifier="FEEDBACKBASIC"/>
<baseValue baseType="identifier">correct</baseValue>
</match>
<equal toleranceMode="absolute" tolerance="0.05 0.05" includeLowerBound="true" includeUpperBound="true">
<variable identifier="R-exams_689609216_section_7_item_3_cloze_RESPONSE_8911635"/>
<correct identifier="R-exams_689609216_section_7_item_3_cloze_RESPONSE_8911635"/>
</equal>
</and>
<setOutcomeValue identifier="SCORE">
<sum>
<variable identifier="SCORE"/>
<baseValue baseType="float">1</baseValue>
</sum>
</setOutcomeValue>
</responseIf>
<responseElseIf>
<match>
<variable identifier="FEEDBACKBASIC"/>
<baseValue baseType="identifier">correct</baseValue>
</match>
<setOutcomeValue identifier="SCORE">
<sum>
<variable identifier="SCORE"/>
<baseValue baseType="float">0</baseValue>
</sum>
</setOutcomeValue>
</responseElseIf>
<responseElse>
<setOutcomeValue identifier="FEEDBACKBASIC">
<baseValue baseType="identifier">incorrect</baseValue>
</setOutcomeValue>
</responseElse>
</responseCondition>
<responseCondition>
<responseIf>
<and>
<match>
<variable identifier="FEEDBACKBASIC"/>
<baseValue baseType="identifier">correct</baseValue>
</match>
<equal toleranceMode="absolute" tolerance="0.05 0.05" includeLowerBound="true" includeUpperBound="true">
<variable identifier="R-exams_689609216_section_7_item_3_cloze_RESPONSE_4198707"/>
<correct identifier="R-exams_689609216_section_7_item_3_cloze_RESPONSE_4198707"/>
</equal>
</and>
<setOutcomeValue identifier="SCORE">
<sum>
<variable identifier="SCORE"/>
<baseValue baseType="float">1</baseValue>
</sum>
</setOutcomeValue>
</responseIf>
<responseElseIf>
<match>
<variable identifier="FEEDBACKBASIC"/>
<baseValue baseType="identifier">correct</baseValue>
</match>
<setOutcomeValue identifier="SCORE">
<sum>
<variable identifier="SCORE"/>
<baseValue baseType="float">0</baseValue>
</sum>
</setOutcomeValue>
</responseElseIf>
<responseElse>
<setOutcomeValue identifier="FEEDBACKBASIC">
<baseValue baseType="identifier">incorrect</baseValue>
</setOutcomeValue>
</responseElse>
</responseCondition>
<responseCondition>
<responseIf>
<equal toleranceMode="absolute" tolerance="0.05 0.05" includeLowerBound="true" includeUpperBound="true">
<variable identifier="R-exams_689609216_section_7_item_3_cloze_RESPONSE_4198707"/>
<correct identifier="R-exams_689609216_section_7_item_3_cloze_RESPONSE_4198707"/>
</equal>
<setOutcomeValue identifier="FEEDBACKBASIC">
<baseValue baseType="identifier">correct</baseValue>
</setOutcomeValue>
</responseIf>
<responseElse>
<setOutcomeValue identifier="FEEDBACKBASIC">
<baseValue baseType="identifier">incorrect</baseValue>
</setOutcomeValue>
</responseElse>
</responseCondition>
<responseCondition>
<responseIf>
<and>
<match>
<baseValue baseType="identifier">incorrect</baseValue>
<variable identifier="FEEDBACKBASIC"/>
</match>
</and>
<setOutcomeValue identifier="FEEDBACKMODAL">
<multiple>
<variable identifier="FEEDBACKMODAL"/>
<baseValue baseType="identifier">Feedback604050698</baseValue>
</multiple>
</setOutcomeValue>
</responseIf>
</responseCondition>
</responseProcessing>
<modalFeedback identifier="Feedback604050698" outcomeIdentifier="FEEDBACKMODAL" showHide="show">
<p>Using the information from the text, we can directly calculate the following joint probabilities: </p><div class="math">\begin{aligned}
  P(E \cap R) &amp; = &amp;
    P(R | E) \cdot P(E) = 0.65 \cdot 0.1 = 0.065 = 6.5\%\\
  P(\overline{E} \cap \overline{R}) &amp; = &amp;
    P(\overline{R} | \overline{E}) \cdot P(\overline{E}) = 0.75 \cdot 0.9 = 0.675 = 67.5\%.\end{aligned}</div><p> The remaining probabilities can then be found by calculating sums and differences in the fourfold table:</p>
<table class="b_gray">
<thead>
<tr class="header">
<th style="text-align: center;"></th>
<th style="text-align: center;"> <span class="math">R</span> </th>
<th style="text-align: center;"> <span class="math">\overline{R}</span> </th>
<th style="text-align: center;">sum</th>
</tr>
</thead>
<tbody>
<tr class="odd">
<td style="text-align: center;"> <span class="math">E</span> </td>
<td style="text-align: center;"> <span><strong>6.50</strong></span> </td>
<td style="text-align: center;"> <span><em>3.50</em></span> </td>
<td style="text-align: center;"> <span><strong>10.00</strong></span> </td>
</tr>
<tr class="even">
<td style="text-align: center;"> <span class="math">\overline{E}</span> </td>
<td style="text-align: center;"> <span><em>22.50</em></span> </td>
<td style="text-align: center;"> <span><strong>67.50</strong></span> </td>
<td style="text-align: center;"> <span><em>90.00</em></span> </td>
</tr>
<tr class="odd">
<td style="text-align: center;">sum</td>
<td style="text-align: center;"> <span><em>29.00</em></span> </td>
<td style="text-align: center;"> <span><em>71.00</em></span> </td>
<td style="text-align: center;"> <span><strong>100.00</strong></span> </td>
</tr>
</tbody>
</table>
<br />
<ol type = "a">
<li>  <br /> <span class="math">P(E \cap R) =   6.5\%</span> </li>
<li>  <br /> <span class="math">P(\overline{E} \cap R) =  22.5\%</span> </li>
<li>  <br /> <span class="math">P(E \cap \overline{R}) =   3.5\%</span> </li>
<li>  <br /> <span class="math">P(\overline{E} \cap \overline{R}) =  67.5\%</span> </li>
<li>  <br /> <span class="math">P(R) =  29.0\%</span> </li>
<li>  <br /> <span class="math">P(\overline{R}) =  71.0\%</span> </li>
<li>  <br /> <span class="math">P(E) =  10.0\%</span> </li>
<li>  <br /> <span class="math">P(\overline{E}) =  90.0\%</span> </li>
<li>  <br /> <span class="math">P(\Omega) = 100.0\%</span> </li>
</ol>
</modalFeedback>
</assessmentItem>
