<?xml version="1.0" encoding="UTF-8"?>
<assessmentItem xsi:schemaLocation="http://www.imsglobal.org/xsd/imsqti_v2p1 http://www.imsglobal.org/xsd/qti/qtiv2p1/imsqti_v2p1p1.xsd http://www.w3.org/1998/Math/MathML http://www.w3.org/Math/XMLSchema/mathml2/mathml2.xsd" identifier="R-exams_689609216_section_1_item_3_schoice" title="Question" adaptive="false" timeDependent="false" xmlns="http://www.imsglobal.org/xsd/imsqti_v2p1" xmlns:xsi="http://www.w3.org/2001/XMLSchema-instance">
<responseDeclaration identifier="R-exams_689609216_section_1_item_3_schoice_RESPONSE_1896816" cardinality="single" baseType="identifier">
<correctResponse>
<value>R-exams_689609216_section_1_item_3_schoice_1492775068</value>
</correctResponse>
<mapping defaultValue="0" lowerBound="0.0">
<mapEntry mapKey="R-exams_689609216_section_1_item_3_schoice_9602579191" mappedValue="-0.25"/>
<mapEntry mapKey="R-exams_689609216_section_1_item_3_schoice_1492775068" mappedValue="1"/>
<mapEntry mapKey="R-exams_689609216_section_1_item_3_schoice_6663794612" mappedValue="-0.25"/>
<mapEntry mapKey="R-exams_689609216_section_1_item_3_schoice_6127802350" mappedValue="-0.25"/>
<mapEntry mapKey="R-exams_689609216_section_1_item_3_schoice_8845660412" mappedValue="-0.25"/>
</mapping>
</responseDeclaration>
<outcomeDeclaration identifier="SCORE" cardinality="single" baseType="float" normalMaximum="1" normalMinimum="0">
<defaultValue>
<value>0.0</value>
</defaultValue>
</outcomeDeclaration>
<outcomeDeclaration identifier="MAXSCORE" cardinality="single" baseType="float">
<defaultValue>
<value>1</value>
</defaultValue>
</outcomeDeclaration>
<outcomeDeclaration identifier="FEEDBACKBASIC" cardinality="single" baseType="identifier" view="testConstructor">
<defaultValue>
<value>empty</value>
</defaultValue>
</outcomeDeclaration>
<outcomeDeclaration identifier="FEEDBACKMODAL" cardinality="multiple" baseType="identifier" view="testConstructor"/>
<outcomeDeclaration identifier="MINSCORE" cardinality="single" baseType="float">
<defaultValue>
<value baseType="float">0</value>
</defaultValue>
</outcomeDeclaration>
<itemBody>
<p>What is the seat of the federal authorities in Switzerland (i.e., the de facto capital)?</p>
<choiceInteraction responseIdentifier="R-exams_689609216_section_1_item_3_schoice_RESPONSE_1896816" shuffle="false" maxChoices="1">
<simpleChoice identifier="R-exams_689609216_section_1_item_3_schoice_9602579191">
<p>
a. Lausanne
</p>
</simpleChoice>
<simpleChoice identifier="R-exams_689609216_section_1_item_3_schoice_1492775068">
<p>
b. Bern
</p>
</simpleChoice>
<simpleChoice identifier="R-exams_689609216_section_1_item_3_schoice_6663794612">
<p>
c. Geneva
</p>
</simpleChoice>
<simpleChoice identifier="R-exams_689609216_section_1_item_3_schoice_6127802350">
<p>
d. St. Gallen
</p>
</simpleChoice>
<simpleChoice identifier="R-exams_689609216_section_1_item_3_schoice_8845660412">
<p>
e. Basel
</p>
</simpleChoice>
</choiceInteraction>
</itemBody>
<responseProcessing>
<responseCondition>
<responseIf>
<isNull>
<variable identifier="R-exams_689609216_section_1_item_3_schoice_RESPONSE_1896816"/>
</isNull>
<setOutcomeValue identifier="FEEDBACKBASIC">
<baseValue baseType="identifier">empty</baseValue>
</setOutcomeValue>
</responseIf>
<responseElse>
<setOutcomeValue identifier="FEEDBACKBASIC">
<baseValue baseType="identifier">correct</baseValue>
</setOutcomeValue>
</responseElse>
</responseCondition>
<responseCondition>
<responseIf>
<isNull>
<variable identifier="R-exams_689609216_section_1_item_3_schoice_RESPONSE_1896816"/>
</isNull>
<setOutcomeValue identifier="SCORE">
<sum>
<variable identifier="SCORE"/>
<baseValue baseType="float">0.0</baseValue>
</sum>
</setOutcomeValue>
</responseIf>
</responseCondition>
<responseCondition>
<responseIf>
<match>
<variable identifier="FEEDBACKBASIC"/>
<baseValue baseType="identifier">correct</baseValue>
</match>
<setOutcomeValue identifier="SCORE">
<sum>
<variable identifier="SCORE"/>
<mapResponse identifier="R-exams_689609216_section_1_item_3_schoice_RESPONSE_1896816"/>
</sum>
</setOutcomeValue>
</responseIf>
</responseCondition>
<responseCondition>
<responseIf>
<equal toleranceMode="relative" tolerance="0.001">
<variable identifier="SCORE"/>
<variable identifier="MAXSCORE"/>
</equal>
<setOutcomeValue identifier="FEEDBACKBASIC">
<baseValue baseType="identifier">correct</baseValue>
</setOutcomeValue>
</responseIf>
<responseElse>
<setOutcomeValue identifier="FEEDBACKBASIC">
<baseValue baseType="identifier">incorrect</baseValue>
</setOutcomeValue>
</responseElse>
</responseCondition>
<responseCondition>
<responseIf>
<and>
<match>
<baseValue baseType="identifier">incorrect</baseValue>
<variable identifier="FEEDBACKBASIC"/>
</match>
</and>
<setOutcomeValue identifier="FEEDBACKMODAL">
<multiple>
<variable identifier="FEEDBACKMODAL"/>
<baseValue baseType="identifier">Feedback109082066</baseValue>
</multiple>
</setOutcomeValue>
</responseIf>
</responseCondition>
</responseProcessing>
<modalFeedback identifier="Feedback109082066" outcomeIdentifier="FEEDBACKMODAL" showHide="show">
<p>There is no de jure capital but the de facto capital and seat of the federal authorities is Bern.</p>
<br />
<ol type = "a">
<li> Lausanne <br /> False. </li>
<li> Bern <br /> True. </li>
<li> Geneva <br /> False. </li>
<li> St. Gallen <br /> False. </li>
<li> Basel <br /> False. </li>
</ol>
</modalFeedback>
</assessmentItem>
